:020000040000fa
:080000000002040000000000f2
:020000040000fa
:04000800de03000013
:020000040000fa
:04000c00de0300000f
:020000040000fa
:04001000de0300000b
:020000040000fa
:04001400de03000007
:020000040000fa
:04001800de03000003
:020000040000fa
:04001c00de030000ff
:020000040000fa
:04002000de030000fb
:020000040000fa
:04002400de030000f7
:020000040000fa
:04002800de030000f3
:020000040000fa
:04002c00de030000ef
:020000040000fa
:04003000de030000eb
:020000040000fa
:04003400de030000e7
:020000040000fa
:04003800de030000e3
:020000040000fa
:04003c00de030000df
:020000040000fa
:04004000de030000db
:020000040000fa
:04004400de030000d7
:020000040000fa
:04004800de030000d3
:020000040000fa
:04004c00de030000cf
:020000040000fa
:04005000de030000cb
:020000040000fa
:040054001a0300008b
:020000040000fa
:040058004a03000057
:020000040000fa
:04005c00de030000bf
:020000040000fa
:04006000de030000bb
:020000040000fa
:04006400de030000b7
:020000040000fa
:04006800de030000b3
:020000040000fa
:04006c00de030000af
:020000040000fa
:04007000de030000ab
:020000040000fa
:04007400de030000a7
:020000040000fa
:040078007a03000007
:020000040000fa
:04007c00de0300009f
:020000040000fa
:04008000de0300009b
:020000040000fa
:04008400de03000097
:020000040000fa
:04008800de03000093
:020000040000fa
:04008c00de0300008f
:020000040000fa
:04009000de0300008b
:020000040000fa
:04009400de03000087
:020000040000fa
:04009800de03000083
:020000040000fa
:04009c008c030000d1
:020000040000fa
:0400a000de0300007b
:020000040000fa
:0400a400de03000077
:020000040000fa
:0400a800de03000073
:020000040000fa
:0400ac00de0300006f
:020000040000fa
:0400b000de0300006b
:020000040000fa
:0400b400de03000067
:020000040000fa
:0400b800de03000063
:020000040000fa
:0400bc00de0300005f
:020000040000fa
:0400c000de0300005b
:020000040000fa
:0400c400de03000057
:020000040000fa
:0400c800de03000053
:020000040000fa
:0400cc00de0300004f
:020000040000fa
:0400d000de0300004b
:020000040000fa
:0400d400de03000047
:020000040000fa
:0400d800de03000043
:020000040000fa
:0400dc00de0300003f
:020000040000fa
:0400e000de0300003b
:020000040000fa
:0400e400de03000037
:020000040000fa
:0400e800de03000033
:020000040000fa
:0400ec00de0300002f
:020000040000fa
:0400f000de0300002b
:020000040000fa
:0400f400de03000027
:020000040000fa
:0400f800de03000023
:020000040000fa
:0400fc00de0300001f
:020000040000fa
:04010000de0300001a
:020000040000fa
:04010400de03000016
:020000040000fa
:04010800de03000012
:020000040000fa
:04010c00de0300000e
:020000040000fa
:04011000de0300000a
:020000040000fa
:04011400de03000006
:020000040000fa
:04011800de03000002
:020000040000fa
:04011c00de030000fe
:020000040000fa
:04012000de030000fa
:020000040000fa
:04012400de030000f6
:020000040000fa
:04012800de030000f2
:020000040000fa
:04012c00de030000ee
:020000040000fa
:04013000de030000ea
:020000040000fa
:04013400de030000e6
:020000040000fa
:04013800de030000e2
:020000040000fa
:04013c00de030000de
:020000040000fa
:04014000de030000da
:020000040000fa
:04014400de030000d6
:020000040000fa
:04014800de030000d2
:020000040000fa
:04014c00de030000ce
:020000040000fa
:04015000de030000ca
:020000040000fa
:04015400de030000c6
:020000040000fa
:04015800de030000c2
:020000040000fa
:04015c00de030000be
:020000040000fa
:04016000de030000ba
:020000040000fa
:04016400de030000b6
:020000040000fa
:04016800de030000b2
:020000040000fa
:04016c00de030000ae
:020000040000fa
:04017000de030000aa
:020000040000fa
:04017400de030000a6
:020000040000fa
:04017800de030000a2
:020000040000fa
:04017c00de0300009e
:020000040000fa
:04018000de0300009a
:020000040000fa
:04018400de03000096
:020000040000fa
:04018800de03000092
:020000040000fa
:04018c00de0300008e
:020000040000fa
:04019000de0300008a
:020000040000fa
:04019400de03000086
:020000040000fa
:04019800de03000082
:020000040000fa
:04019c00de0300007e
:020000040000fa
:0401a000de0300007a
:020000040000fa
:0401a400de03000076
:020000040000fa
:0401a800de03000072
:020000040000fa
:0401ac00de0300006e
:020000040000fa
:0401b000de0300006a
:020000040000fa
:0401b400de03000066
:020000040000fa
:0401b800de03000062
:020000040000fa
:0401bc00de0300005e
:020000040000fa
:0401c000de0300005a
:020000040000fa
:0401c400de03000056
:020000040000fa
:0401c800de03000052
:020000040000fa
:0401cc00de0300004e
:020000040000fa
:0401d000de0300004a
:020000040000fa
:0401d400de03000046
:020000040000fa
:0401d800de03000042
:020000040000fa
:0401dc00de0300003e
:020000040000fa
:0401e000de0300003a
:020000040000fa
:0401e400de03000036
:020000040000fa
:0401e800de03000032
:020000040000fa
:0401ec00de0300002e
:020000040000fa
:0401f000de0300002a
:020000040000fa
:0401f400de03000026
:020000040000fa
:0401f800de03000022
:020000040000fa
:0401fc00de0300001e
:020000040000fa
:04020000de03000019
:020000040000fa
:04020400de03000015
:020000040000fa
:04020800de03000011
:020000040000fa
:04020c00de0300000d
:020000040000fa
:04021000de03000009
:020000040000fa
:04021400de03000005
:020000040000fa
:04021800de03000001
:020000040000fa
:04021c00de030000fd
:020000040000fa
:04022000de030000f9
:020000040000fa
:04022400de030000f5
:020000040000fa
:04022800de030000f1
:020000040000fa
:04022c00de030000ed
:020000040000fa
:04023000de030000e9
:020000040000fa
:04023400de030000e5
:020000040000fa
:04023800de030000e1
:020000040000fa
:04023c00de030000dd
:020000040000fa
:04024000de030000d9
:020000040000fa
:04024400de030000d5
:020000040000fa
:04024800de030000d1
:020000040000fa
:04024c00de030000cd
:020000040000fa
:04025000de030000c9
:020000040000fa
:04025400de030000c5
:020000040000fa
:04025800de030000c1
:020000040000fa
:04025c00de030000bd
:020000040000fa
:04026000de030000b9
:020000040000fa
:04026400de030000b5
:020000040000fa
:10040000cf2b21000eff27000e0188000000000006
:10041000000020000000e000020032000001200087
:100420002002880014000700e60007000000e0003a
:1004300003003a00005524000100200002003700ac
:100440000000200001002000810f70000100320038
:100450000f000700000020000000e0000200320052
:100460000000020000000000003f02000000000049
:100470000040da000000fe00c00520000000e0009f
:1004800002003200002020009001880000000600d9
:10049000a1028800800478000000eb001f003700f4
:1004a000e284440054a0b4009905ba00e2844400f8
:1004b00054a0b4009906ba00e284440054a0b400e9
:1004c0000006eb00476fde00fd07b200ae018800ba
:1004d000636ce10003003a000ad801000000eb0061
:1004e0000e003700606ce10008003a00004deb00a0
:1004f0000a05e800020039003420ec000af0a000f0
:100500008b05e900f9ff3e00040037006168e10057
:10051000010032000086eb000b00070019c7ba008b
:100520000e04e0001905ba0003003a000a00e000da
:10053000dbff3a0000000600fe07b200ae028800b2
:100540008a047800f5ff37000cd0a300e20f4d00bd
:100550001c003b0089027800354dba000a05e8000e
:10056000020039003420ec000af0a0008b05e900fd
:100570000f003200254dba000a05e80002003900dc
:100580003420ec000af0a0008b05e90008003200de
:100590000c00e0000600320015cdba000a05e800a4
:1005a000020039003420ec000af0a0008b05e900bd
:1005b0008984e80054a0b4000b00e000e2ff3a0098
:1005c000000006009902ba00055d78008b05e9007d
:1005d000f7ff3200c82ade00055d78008b05e900d0
:1005e000f3ff32000c00e000f1ff320019ddba0029
:1005f000eeff3700c239040000000000e23a0400b8
:10060000000000003c3c040000000000463d0400e7
:10061000000000009a3c0400000000003c39040087
:10062000000000009438040000000000a43a040018
:10063000000000003600f800809fbe00829fbe00d0
:10064000849fbe00869fbe000000fa000168a900da
:1006500005003700301180000040780080407800ad
:10066000000021006620070010118000610060007a
:100670000000e000f7ff3a000080fa004f03be00e0
:100680004f02be004f01be004f00be003600f90011
:10069000004006003600f800809fbe00829fbe002a
:1006a000849fbe00869fbe000200fa000188a90058
:1006b0008e00780080002100712007000000e0001b
:1006c000040032001e4078000000fb00201188006a
:1006d000010037002188a9000080fa004f03be0006
:1006e0004f02be004f01be004f00be003600f900b1
:1006f00000400600801f78000000fa001000200073
:10070000708d88000288a9002288a9000080fa0064
:100710004f00780000400600809fbe000000fa00f5
:1007200010002000808d8800000021001000900043
:100730000104200080804000000021002000900083
:1007400080805000f0032800008060000000e0007e
:1007500004003d000000e90001fc2f000080700053
:100760000000e800b08d880080002100100090009b
:1007700001042000808040008000210020009000c3
:1007800080805000f0032800008060000000e0003e
:1007900004003d000000e90001fc2f000080700013
:1007a0000000e800c08d880003a8a90023a8a900c4
:1007b0000080fa004f00be00004006000040da0052
:1007c0000000fe0000000500140020006c0337004c
:1007d000f4ff2f006a0337004f89de0082017800a2
:1007e000820337006011b800900337006022b80020
:1007f000060220000000d0008180d2000482d200d6
:100800008582d2000000a0000202520083825a00ba
:10081000030031000202420083824a000000a1006e
:100820000603e900f3ff3a000000060007f827007e
:10083000078361000638e10004003a00f707200052
:10084000878361008703710001003a0003f0a20072
:10085000889fbe008a9fbe008c9fbe00470ade00b4
:100860000480a100c71ade000580a100070028004f
:100870000785600087856100f70f20000720e100f1
:100880009e0032000728e1009c003200010678003b
:100890000400e000b4003200f70720008780600009
:1008a0000170a0000500e000c0003200f707200042
:1008b000878161000370a000050652000f003a0016
:1008c0000b50e1000b0032000308e10002003a0087
:1008d0000200e1007e0032000204500083845800d0
:1008e000040031000001fd008101fd008402fd00d3
:1008f0008a05fd006044b800210037000520e100b2
:1009000005003d000001fd008101fd008402fd00a5
:100910008a05fd00050652007a60e10005003500f9
:100920000170a1004722dd00848070008a80700081
:10093000630037006044b800ef02660007ff2f0035
:10094000070666000500e00006003400f083120090
:100950008714dd000511de00071bdd0006017100b4
:100960008519de007060e10005003500090478009b
:1009700082047800030178008001eb0070065600c5
:100980000b50e10003003a00020040008380480061
:100990000400370060041400e0841c0002005800ca
:1009a000838058000188a300060032008100d10036
:1009b0000080d3008984d3000884d3000402e800b7
:1009c000270037000178a30025003a000100e0006d
:1009d000030032008186cf00698656000a00370086
:1009e0008c0020000000e00004003a0009007800bc
:1009f000880478000004eb00700252008086cf006b
:100a00000d0646000c06e9007060e10006003500a6
:100a10008000780009007800880478000004eb006a
:100a200070065600700252000c00e0000c0034000a
:100a30008c08dd00f00316000703de0086807000de
:100a40000c00dd00074bde00060070008c4cdd0062
:100a50000743de00868474000c44dd000c02520063
:100a60006120e100200035006101600007002800de
:100a700087816400f7ff2700878364000703740001
:100a80000300e0000600320082037300040032001d
:100a90000000e800e08048000188a3000e003a0052
:100aa000f70f20000720e1004a003d000170a1007f
:100ab0004722dd00810072008a8070000000be00c5
:100ac0004f06be004f05be004f04be0000000600ea
:100ad0006000b800faff37008100d1000080d30029
:100ae0000402e800eeff3700040178008901740079
:100af000a10107008a807000f1ff3700f7010700ad
:100b0000070278000001fd008101fd00f3010700ec
:100b100087027800850372000778a3000400320082
:100b20000001fd008101fd0006020700e4ff37001f
:100b3000850362000768a300080032000b50e10043
:100b400003003200f0ff2f00f1ff2700dcff370029
:100b50000001fd008101fd00d9ff37000468a300fa
:100b6000d7ff3200faff3700f8ff270088836000c4
:100b70000b003a000000e00009003a008303640023
:100b800082837300020032000200be00ccff3700f7
:100b90000b50e100ceff3a000200be00c8ff370054
:100ba00014002000810064003eff3700f8ff27009a
:100bb0008883610004003a000200e00002003a006d
:100bc0008c007800beff3700150020008301640010
:100bd00039ff370001f82700000020008100750070
:100be000b7ff3700889fbe008a9fbe008c9fbe0063
:100bf0001b0020000202be000586680006002800d7
:100c0000060666004709de00f20fb20082003200dd
:100c10000243e80080003200c729de00f30fb20073
:100c20007d0032000343e8007b003200f107b20090
:100c30000170a000f507b2000570a000c708dd0034
:100c40004903de00868070004700dd00c72add0012
:100c50004923de00868272004722dd000305510031
:100c60000403500085835800030031000000400059
:100c7000818048000a05e9008c1f78008a9fbe0029
:100c800004005000858058000402420085824a001a
:100c900000004000818048000005eb000004be0019
:100ca0006033b8000406be000d48e1005600310074
:100cb000110009004dccd8000c01b8000d02b8009d
:100cc0008481410060824a008283530003045c00f7
:100cd00084845c0060055d000a00e00025003a00a5
:100ce000800578000d40e10049003100880078005f
:100cf00007007800110009004d88d8000c01b800e9
:100d00000d02b8008481410060824a006003110036
:100d100083835b0004045c00e0845c000900e00065
:100d200021003a004f01be000300e0002b0032001a
:100d3000e3016000070673008c817100010032003e
:100d4000640070004200de004e5edd000c007000aa
:100d5000c258de0001e0a00083010700cf01780047
:100d6000818071004f06be004f05be004f04be00db
:100d7000000006008c8343000d044c00e0844c000e
:100d800060054d000000e9000a00e000d4ff3200d9
:100d90008c8343000d044c00e0844c0060054d0042
:100da0000000e900ceff37000c0343008d834b00a9
:100db00060044c00e0844c000000e9000900e00001
:100dc000d8ff32000c0343008d834b0060044c00bd
:100dd000e0844c000000e900d2ff37004200de0052
:100de0004e5edd000c007000c258de0001e0a00085
:100df000cf0178000300e000daff3200600010004d
:100e0000e0801800d7ff3700f0ff2f00aaff37005f
:100e1000f0ff2f00b9ff37000404be002f010700c8
:100e2000870678000004fd008104fd002b01070007
:100e3000078366000678a300030032000960a7005c
:100e40000800be002c0037000d78a300020032001d
:100e50000800be00280037000778a30026003a00eb
:100e600001f0a10009f0a1000668a3000300320010
:100e7000f1ff2700f0ff2f00baff37000d68a30035
:100e8000030032000800be008c807000b5ff370000
:100e90000768a30007003a000648a30003003200d9
:100ea000f1ff2700f0ff2f00aeff37000d48a30031
:100eb000030032006000b8008c807000a9ff37008a
:100ec0000748a3000400320001f8270000002000ba
:100ed0008c807000a3ff3700760107000004fd003e
:100ee0008104fd0002057800720107000802be00bf
:100ef0008a01780059ff37000160a000120220002b
:100f0000a280880097ff37000100e0001200320045
:100f10000500e00010003200889fbe008a9fbe00de
:100f20008c9fbe000006eb0001f8a3000300320016
:100f300060001000e08018000cf0a00005f8a3008d
:100f40000300320060021200e0821a000cf0a200de
:100f50008005eb0041ff37006000b800020005008b
:100f6000038368000700280007036300470ade00c8
:100f70000480a100c71ade000580a100f70f200041
:100f80000720e100420032000728e1004000320063
:100f9000889fbe008a9fbe008c1f7800f107b200b8
:100fa000f307b2000400e000640032000170a0000a
:100fb0000500e000680032000370a00085054200d3
:100fc000eb07b1000204b8000302b80084844400b7
:100fd00060854a00020ab800848444000a854a00f9
:100fe000030ab80004054500040033000804d000db
:100ff0008984d2000a85d2008b05e9006158e1009e
:101000003d003500021020000901610003082000a6
:1010100089816100f70720008783640008867300d8
:10102000c84cde00c853dd00878474004855de00dc
:101030000300e00006003200820376000400320064
:101040008904e80060054d000a88a3000c003a00fe
:10105000f70f20000758e10044003d000a70a1008e
:10106000c75ddd000a8575008a00730009007800fd
:101070004f0678004f05be004f04be00000006007a
:101080000a05d1008984d3008b05e800f0ff370002
:10109000881f780006047800900007000702780097
:1010a0000001fd008101fd008c000700870278002f
:1010b000850372000778a300050032000001fd00df
:1010c0008101fd009f0007004f047800000006002a
:1010d000850372000748a30003003200f0ff2f00d1
:1010e000f1ff2700f8ff37000000200001f827007b
:1010f00088807000f4ff3700880178004848dd00e0
:10110000808171004848de00c850dd000100700099
:10111000c850de00060478000b01780016000700b6
:1011200088807000d2ff37000500e0000500320023
:10113000170020003a0007009dff37008103700070
:10114000f9ff3a00860078004f0678004f05be0090
:101150004f04be000000050083037100f9ff320058
:10116000270020002e00070094ff370001f8270019
:1011700086807000f4ff37000100e0002600320096
:10118000610111007810e10023003c006022b800ea
:101190007010e10004003500800278000100780042
:1011a0008000eb00700151000200e00009003400f3
:1011b00070031100062add00822ade008603dd00ae
:1011c000878272000200de00860bdd0007007000df
:1011d0008208de0084817100f4ff2700048262002f
:1011e0008481710004002800848262006102600032
:1011f00005f0a6000000060004827100070032001e
:101200000000e800e0804800000006000002be0088
:101210006000b800efff37006000b8000000060073
:10122000889fbe000004eb006138e10016003a0020
:101230000100e00008003a00c800de004800dd00c0
:10124000880020000100e00003003a00c800de0032
:101250004800dd00680444008184cf00e984540024
:10126000060034008908dd00f08314008703de00e7
:10127000878070000900dd00090444006102140049
:101280004f04be00000006000300e00008003a0022
:10129000c811de004811dd00880020000300e000d6
:1012a00003003a00c811de004811dd006804440064
:1012b0008384cf00e9845400060034008919dd00de
:1012c000f08314008713de00878171000911dd00af
:1012d00009044400e1021400e9ff37002700200060
:1012e00001f0a70017002000470bde00f60fb20048
:1012f000040032000643e8000a0032004702b3004f
:101300000000060001037800f607b2000603700033
:1013100002003a000703b300000006008702b30092
:101320000000060001037800f607b2000603700013
:10133000020032000770a000000006000760a00055
:10134000000006000478a300040032000578a30022
:10135000030032000168a30001003a000200be0051
:101360000160a0000000060081017000270032002b
:101370008002eb0001f8a3000300320060001000bf
:10138000e080180015002000f4072000020242004f
:1013900020003400f70320008703600006042000cb
:1013a0000003630002082000000161004700de0026
:1013b000c909dd0000807100c708de000600e000fa
:1013c0000800320087037100060032001000b000f0
:1013d0000180b0000188a30002003200c108de00d5
:1013e0000402e800f107b200f30f20000320e1003f
:1013f00003003d004722dd00810072002900370014
:1014000001f827000000eb00260037006000b8005c
:1014100000000600680212007f20e1000200340094
:101420006000b8001f0037006011b8007020e100b4
:101430000400350080017800010078008000eb0096
:10144000700252000400e00009003400f0031200b2
:101450000719dd008419de000703dd0086817100b5
:101460000400de00070bdd00060070008408de00cb
:10147000f7ff2700838363008703710006002800bd
:1014800003036300070032000700e00003003a0096
:101490006101600002817300020032001000b000a0
:1014a0000180b0000500a6000000060001f0a000c9
:1014b000000006004f0ade004709de00f107b20017
:1014c000f20fb2000b003200f207b1000170a00071
:1014d000c708dd00c901de00838070004700dd0021
:1014e0000400a6000000060060001000e080180064
:1014f00000000600810f700001003a0000000600a5
:101500008182cf000500e00010003e008082cf0005
:10151000ee8242007028e1000400390007003e001e
:10152000800078000000eb000e003700708312008e
:101530008600de000500dd000a00370070835200df
:101540008600dd000000eb0006003700e28252005a
:101550008508dd00708312000603de0086807000bf
:101560000500dd007507b0000501ea000400a600d3
:101570000000060060001000e08018000000060077
:10158000889fbe008a9fbe00841f78007c000700f1
:101590004f00780011003300f0ff2f00838f6c00a4
:1015a00006003b00040565000a00a700080037009c
:1015b00009f0a6001000200008003700820f540038
:1015c000838f5c00030039001000200001003e0002
:1015d0000000200009f0a7000000ea004f05be004f
:1015e0004f04be000000e00000000600881f7800e5
:1015f000030478000300e00007003d0060001000d5
:10160000e080180060011900e081190002003b0031
:1016100001f02d00030037000400070008f0a700c8
:1016200001f0a0004f04780000000600889fbe0073
:101630008a9fbe0000827000040271000482710063
:10164000260032000004be000200be006011b80097
:101650006b092000950220000182cf000a003900aa
:101660000541b1000082cf00070039000541b100fb
:101670000982cf00040039000541b1000882cf0083
:10168000010039000541b10005425200120032004c
:101690000a003b0082817100610164008100d10079
:1016a0000080d3008984d3000884d3008b05e80030
:1016b0000442e800f7ff3a0007003700080444003e
:1016c00089844c0000004800818048008b05e900b7
:1016d0000442e900f9ff3a00030007004f05be008d
:1016e0004f04be000000060081002000618055000c
:1016f0000b003d000b00200061fe2f000100e10007
:101700001d00340082817100610164008904d100f0
:101710000884d3000000e800faff3a0071002000be
:1017200061006400030070000200600009003200e4
:1017300061044400e0844c000988a50005003200e3
:101740008b05e8006808e10002003a008904d10036
:101750000884d300f20f20000258e10005003d008c
:10176000c75ddd00f907b2008980750008007800c8
:10177000000006000bf827008b0078000000050031
:101780000004be00060007000003be000405be0002
:101790000200be0002000700844f75000000060032
:1017a000c70ade00f107b200f50fb20008003200f0
:1017b000e1cf4200020032000170a00024000500c9
:1017c000810f70000100320004080500440005008c
:1017d000810f700002003a00140005008502e90044
:1017e0000000400081c04800fcff3b000170a000e9
:1017f00024000500000006000800fa00889fbe00d3
:101800008a9fbe008c9fbe000004be000200be0086
:10181000e2b79f00f3b79f00f6ff07008102780050
:1018200005f0a100000278000c0020000df8270050
:101830006fb19700ffb197008c0f52008d8f5a0047
:101840000a003e000800be00eaff0700810278009f
:1018500005f0a100000278006fb19700ffb197007a
:101860008c0f52008d8f5a00030036000800be0016
:10187000f7fb0700980037000203be0000002000bd
:1018800001f82300800f5300818f5b0003003a00b2
:101890000800be00980007008f0037000802be0055
:1018a0004e3dde000b0020006000b80062006500c5
:1018b0004f4dde000b0020000a0570008b85700084
:1018c0008500780001f0a10008007800e00f5000ca
:1018d000e08f580007003a00e20f5500e08f5d00ee
:1018e00033003200e30f5500e08f5d007b003a00cb
:1018f000320037008702780005f0a1000602780068
:10190000e00f5200e08f5a003b0032008c0f520073
:101910008d8f5a002c003a00840f5000858f58009c
:1019200018003a00e20f5500e08f5d000900320018
:10193000e30f5500e08f5d0009003200e10f550014
:10194000e08f5d005b003200b8fd200099f42300b9
:101950006200370002002000030424000200370068
:101960000200200003042c00b0fd2000910424009c
:101970007bfd07000200200003e8230078fd07003c
:1019800055003700e20f5500e08f5d00080032007f
:10199000e30f5500e08f5d00080032006044b8009e
:1019a000e10f5500e08f5d004c003a004400370025
:1019b000b8fd20009904240048003700b8fd20003d
:1019c00099042c00450037000600200007d02000b5
:1019d0000403430085834b0086bf9f0097bf9f0091
:1019e000800f5300818f5b00030039008c0f500083
:1019f0008d8f580005003a000a08a300330032001a
:101a0000b8fd200099fc2b00340037006033b8008b
:101a100062036500e00f5300e08f5b0008003200b6
:101a20000c0020000dd020000003460081834e00f2
:101a30006000b800840f5300858f5b0004003900fc
:101a40000800be0067fc07007c0107002a000700b1
:101a5000e10f5500e08f5d00050032001e003900e7
:101a6000e20f5500e08f5d000b003a0003003700e5
:101a70000004be0009f0a20018003700e2d22b00db
:101a8000b33b230072fb07000001be00b0fd200045
:101a90009104240005003700e2d22b00b33b230061
:101aa0006bfb0700b2fd2000930424005ffb0700de
:101ab00009003700b8fd200099f42b00070037001b
:101ac000080020000900280004003700b8fd2000ad
:101ad00099fc2300010037000004be000800be008e
:101ae0004f06be004f05be004f04be000080fa0046
:101af00000000600000006000c00fa00889fbe00ef
:101b00008a9fbe008c9fbe000004be004f09de000d
:101b100003002000e2b79f00f3b79f008106780022
:101b20000df0a10000067800f0ff2f00f1c724009f
:101b3000800f5600818f5e00100036000800be0046
:101b4000ecff07008101780003f0a100000178009c
:101b50000000200001f82700800f5100818f5900fc
:101b6000b7003e000200200003382000a0fd200046
:101b700091fc230036fb0700a8003700f0ff2f0080
:101b8000f1ed2300800f5600818f5e0011003e00b2
:101b90000085eb00f0ff2f00f1972300800f560027
:101ba000818f5e0055003e00f0ff2f00f1072000fe
:101bb000800f5600818f5e00a1003e000801be002c
:101bc0000800be00e6fc0700c0b79f00d1b79f0029
:101bd0009b0037000800be00180107000004be008b
:101be000f0ff2f0071f92300800f5600818f5e00f7
:101bf00025003e00f0ff2f00f1f22300800f560079
:101c0000818f5e0011003e000801be000800be008a
:101c10000ffb07000200200003f8230003fb07006e
:101c20000005be0002002000030024000800be00e2
:101c300007fb07000001be000a00be00e9fb070029
:101c40000004be000005eb002c003700020020005d
:101c500003f823000800be00f4fa07000005be00e8
:101c60000200200003f823000800be00f8fa070075
:101c70000001be000a00be00dafb07000004be003f
:101c80001a0020001d003700f0ff2f00b1012400d2
:101c9000800f5600818f5e0012003e00020020007f
:101ca00003fc23000800be00e0fa07000005be00a8
:101cb0000200200003fc23000800be00a8fc07006f
:101cc0000200200003f82300e1fa07000001be0033
:101cd0000a00be00c3fb07000004be002a0020006b
:101ce000060037000801be000000200001f82b00ac
:101cf000bcfb07000004be003a0020000801be0043
:101d00000800be0096fc07000002be000001be00f5
:101d100084bf9f0095bf9f0091fc07000006be0096
:101d200052c22a00c3d723008dfc0700d2502f00d7
:101d300013e12300c6fa07000001be000c00be003c
:101d400087fc070092aa2a00a3ea2300c0fa070032
:101d50000001be000fba97009fba97000400be00b2
:101d60007ffc07000002be0072242100a3dd2b00cf
:101d70000c00be0084bf9f0095bf9f0078fc070049
:101d800082a92c00c3e42300a8fa07000001be00ca
:101d90000c00be0072fc07000001be000fba9700e5
:101da0009fba9700e10f450009003a000400be0009
:101db000a7fa07000001be000800be0068fc07008b
:101dc0000001be000800be0098fa07001b003700a3
:101dd0004255dd00ac2621000a0646000400be0084
:101de0009bfa07000001be000800be005cfc070073
:101df000a22721000a0541001a0178009a019000eb
:101e00008afa07000801be0088fa07000001be0038
:101e10001c0078009c00900084fa07006fb19700c6
:101e2000ffb19700e00f5100e08f5900030032002e
:101e30000004be0009f0a200010037000004be004b
:101e40000800be004f06be004f05be004f04be0096
:101e50000080fa00000006000800fa000002be0040
:101e60008501780003f0a10000017800a6fd2000a4
:101e700097f42300860f5100878f59000d003e0014
:101e8000f4ff2f00f5972300840f5100858f590030
:101e90005a003e000200200003b827006cfa070039
:101ea000e0bf9f00f1bf9f000000200001f8230069
:101eb000600037004f0ade0005002000163d2500b7
:101ec000b7072400860f5100878f590019003e0084
:101ed00036be2c0067012400860f5100878f590001
:101ee0000a0036000400e00004003200b2fd2000c9
:101ef0009304240056fa070048003700b2fd200082
:101f00009304240049fa0700440037000400e0006d
:101f100004003200b2fd200093fc23004cfa0700bd
:101f2000430037000001be00b0fd200091fc2300fb
:101f300019003700561d2300270e2400860f51007c
:101f4000878f590016003e00f6dd2e00f70a2400a8
:101f5000860f5100878f59000a0036000400e00008
:101f600004003200b2fd2000930c240038fa070070
:101f700022003700b2fd2000930c24002bfa07004a
:101f80001e0037000400e0000100320001f0a20052
:101f900042be2c006309240024fa07002400370005
:101fa000f4ff2f00f5f72700840f5100858f5900ab
:101fb000030036000001be001cfa07001d003700b8
:101fc00068815700710107006011b800630160006b
:101fd000e10f5100e08f59000a003200e20f51007a
:101fe000e08f59000b003200e00f5100e08f5900e4
:101ff0000d003a004fb89700dfb897003501070091
:102000000c0037004fb89700dfb8970001f0a2002e
:10201000070037004fb89700dfb897002d01070081
:1020200001f0a200030037004fb89700dfb8970017
:10203000af0107000080fa00000006000001be00aa
:102040008300780001f0a100020078000000060083
:102050000800fa00889fbe000004be000001be0018
:102060008300780001f0a10008007800a4fd2000a2
:1020700095f42300840f5000858f580018003e000f
:10208000f2ff2f00f3972300820f5000838f580038
:1020900011003e00f2ff2f00f3072000820f5000d6
:1020a000838f580005003e00020020000338200006
:1020b0000800be00aafb0700040037000200200051
:1020c00003b827000800be00e1f90700c0bf9f0069
:1020d000d1bf9f00710037000800be0068003700c4
:1020e0004f49de0003002000143d2500b507240001
:1020f000840f5000858f58001f003e0034be2c0016
:1021000065012400840f5000858f58000e003e00aa
:102110000200e00005003200b2fd200093fc230025
:102120000800be00caf9070059003700b2fd2000c0
:1021300093fc23000800be00bcf90700e50007007f
:102140000004be00550037000200e0000500320028
:10215000b2fd2000930424000800be00bcf9070073
:1021600046003700b2fd2000930424000800be00a2
:10217000aef9070041003700541d2300250e24004e
:10218000840f5000858f58001d003e00f4dd2e00a6
:10219000f50a2400840f5000858f58000c003e0083
:1021a0000200e0000500320042be2c00630924005a
:1021b0000800be00a6f90700e0ff370042be2c0071
:1021c000630924000800be0098f9070030003700ba
:1021d0000200e00005003200b2fd2000930c240054
:1021e0000800be009af9070025003700b2fd200064
:1021f000930c24000800be008cf907002000370073
:10220000f2ff2f00f3f72700820f5000838f580052
:10221000040036000801be000800be0083f9070074
:10222000c7ff37006c8157000800be00d7000700c9
:102230006011b80063016000e10f5100e08f5900a8
:1022400009003200e20f5100e08f5900090032000e
:10225000e00f5100e08f59000b003a002fb89700b3
:10226000bfb89700060037002fb89700bfb8970097
:10227000b2ff37002fb89700bfb8970001f0a20057
:102280001b010700aeff37002fb89700bfb89700bb
:10229000900007000004be0009f0a2000800be0084
:1022a0004f04be000080fa0000000600889fbe00b8
:1022b0008a9fbe008c9fbe000004be000400200068
:1022c00005f827008583600004037800840f53001d
:1022d000858f5b0007003a000801be000800be00c1
:1022e0001ffb07000001be000800be0058f90700f0
:1022f00010003700e00f5000e08f58000f003c0046
:102300008101780003f0a10000017800e00f510086
:10231000e08f59006a00320010022000c09588004a
:102320000801be000800be0040f907000001be0021
:102330002cfa07000004be0061003700478cde0065
:10234000cf8cde00e00f5400e08f5c000f003a00fd
:102350006044b8000400370000004000818048005d
:1023600061044400e0844c000400200005082000c3
:102370008181620004017800e00f5100e08f590074
:10238000f5ff320061041400e0841c00f807b1007e
:102390000980b10081017800f307b20000017800e4
:1023a0000200be000170a0000808a3000200320075
:1023b00000004000818048008984d1000884d30057
:1023c00000004000818048009401200002002000ad
:1023d000031020006055b8006066b8000c0341008f
:1023e0008d834900800f5300818f5b0006003c0005
:1023f0000606410087864900060050008780580085
:102400000a0541008b85490000004000818048009a
:102410008301d1000281d3000402e900efff3a00fa
:10242000e00f5000e08f58001b003200022624000d
:1024300023da20000000200001f82300fbf8070049
:102440000200200003f82300e1f807000000e0008c
:10245000110035000226240023da200000002000ad
:1024600001f82300faf807000200200003f8230017
:10247000d7f807000000e0000300340062054500c3
:10248000e0854d00040037006000b8006100650081
:102490000005450081854d00c744dd00080020008f
:1024a0000000200001f02300080440008984480057
:1024b0008b85d1000a85d3000804450089844d002e
:1024c0000800be004f06be004f05be004f04be0010
:1024d00000000600889fbe008a9fbe008c9fbe0041
:1024e0000001be009efa07000004be000001be000d
:1024f0009bfa07000005be000200200003f02b003d
:102500000800be0096fa07000200200003f823002e
:10251000cff807000006be00f2a92a00a3d22300cc
:102520000a00be008efa07000001be000c00be00cb
:10253000c7f807000006be000801be000a00be0082
:1025400087fa07000005be0072a12900c37c2300a2
:102550000800be0082fa0700f243200063ab2300ac
:10256000b2f807000001be000a00be007cfa0700b6
:102570000001be000c00be00b5f807004f06be000b
:102580004f05be004f04be00000006000800fa0020
:10259000889fbe008a9fbe008c9fbe000005be00c3
:1025a000020478000001be008300780001f0a10061
:1025b0000a007800a2fd200093dc2400820f500066
:1025c000838f58001d003e0032982f0023f2230015
:1025d0000a00be0062fa07000200200003b42400d3
:1025e0009bf807000200200003b424008ff80700c6
:1025f0000006be000d0d070080047800a2fd20003b
:1026000093fc23000c00be0055fa07000001be0039
:102610000a00be0085f807000005be00325a2800f7
:10262000832823000c00be004dfa07000001be0005
:102630000a00be007df8070026003700f2ff2f00d9
:10264000f3f72700820f5000838f580006003600f2
:102650000a01be000a00be0074f80700008cbe002c
:102660008004eb001c0037000a00be005000070089
:102670000005be0032982f0023f2230038fa07002d
:102680000200200003f0230071f80700be0c0700d1
:102690000203be000002be00e4b79f00f5b79f0032
:1026a00086bf9f0097bf9f00d0fb070032982f0086
:1026b00023f223004bf907000001be000a00be0010
:1026c0005af807006000b800200498003104980010
:1026d000efb49700008cbe00090078004f06be00e2
:1026e0004f05be004f04be000080fa000000060047
:1026f000889fbe008a9fbe008c9fbe000005be0062
:102700000001be0016fa07000004be000a01be0068
:1027100013fa07000006be004288280083c0230089
:102720000800be000efa0700b2aa2a00a3e22300a6
:102730003ef807000001be000c00be0008fa0700ca
:102740000001be000a00be0041f807000005be00ff
:102750000801be000800be0001fa07000001be002b
:102760000c00be00fef907000006be00c2c3260032
:10277000636323000800be00f9f90700f27c200023
:102780000395230029f807000001be000c00be00dd
:10279000f3f907000001be000a00be002cf8070094
:1027a0004f06be004f05be004f04be0000000600ed
:1027b0006022b8006033b8000002be00f0ff2f00b6
:1027c000f1ff2f00f2ff2f00f3ff2700000062004f
:1027d00081806200020163008381630000000600c3
:1027e0000000fa0068815700cfb897002305070062
:1027f0000080fa000000060060000700bc0007002f
:102800008e030700430407006d040700c40307009c
:102810001e050700970507003e0537000000fa0077
:1028200068815700cfb89700140507000080fa00b0
:1028300000000600ae000700140537008001eb0021
:102840000200e0001000320000027800010378006e
:10285000b44178000304e00008003200b14278007f
:102860000504e0000500320082034000848f53001d
:102870000200320085cf5100f4ff32008381fb005b
:102880001680fb00808151000300780000000600e4
:102890004400fa00889fbe008a1f78000004be0032
:1028a0000205780094bf9f00a5bf9f00b6bf9f00a0
:1028b000c7bf9f000000eb00c09f9f00a8af9f0014
:1028c000d89f9f000080eb00b0af9f006022b8004f
:1028d0006033b80060fb2f000f004000520a070071
:1028e0001fba9700afba97003fbb9700cfbb9700c6
:1028f000120020008a00780060fb2f000f004000cb
:10290000c30707000900e000060032003fb297004d
:10291000afaa970004824200df9a97000502520096
:10292000840c44004f0578004f04be000080fa007c
:1029300000000600f4ff2f00f5ff2f000403be0087
:10294000d3ff37006022b8000600200007002800ef
:10295000cfff3700f4ff2f00f5ff2f006033b800e2
:10296000cbff370004002000050028006033b800ca
:10297000c7ff3700f3ff3700eeff3700ec87470053
:10298000889fbe008a9fbe008c9fbe008e1f78006d
:1029900000067800010478001807900028059000d0
:1029a00098067800cdb79f00b80590001202780015
:1029b0009202900022039000b20390000400be0037
:1029c0000601be004f18de006011b8008000eb0069
:1029d000d0b79f00e1b79f00f2b79f0083bf9f0071
:1029e000800478000900e000060032006000b800b2
:1029f0006011b80004025000858258000603590097
:102a0000878359000e00e000020035000d10a10080
:102a1000cdb79f000900e00005003a004fb09700d5
:102a20000028a30002003a000038a3000200320090
:102a30008a00e900010037008a007800f881570019
:102a4000a2002000080078005f0307000900e000f2
:102a500003003a00cfb097000128a300080032001d
:102a60000000e90000814500b1c2b3000900e000a8
:102a700001003200d1c2b3000149780006003700de
:102a80000138a300040032000000e9008080450006
:102a900002c2b30082487800480190000201e900b8
:102aa00000015100808045004fb297008a017800f4
:102ab0000c0078003a0507009c0090000188a300f4
:102ac0000400320098009000810f500001003d008a
:102ad000010078004f0778004f06be004f05be008a
:102ae0004f04be00cf00b100000006000000060049
:102af0002f04b000889fbe008a9fbe008c9fbe003e
:102b00008e1f7800b09f9f00a1a79f00a37f9f000a
:102b100011007800d0a79f0091009000f1a79f00be
:102b2000afa19700a3019000c3a79f002fa2970019
:102b300044029000a49f9f00afa297003507900029
:102b4000120478009204900022059000b2059000d3
:102b50006022b8006033b8000800be000a01be0061
:102b6000340b07000000e00003003d000bf0a20062
:102b7000d0c2b300040037005fa397000628a3006b
:102b800008003200b0c2b300004f7800cfa3970016
:102b90008703e90087af9f0010002000e0a79f0097
:102ba0000f003700dfa097000138a30008003200b3
:102bb00000c2b300004f78004fa197000201e90066
:102bc00082af9f0013002000e3a79f00040037009e
:102bd0004fa2970084af9f008002eb00e5a79f0003
:102be0000800be000a01be00c0ff0700f4ff2f006e
:102bf000f5ff2f00f6ff2f00f7ff2700040260000b
:102c00008582600006036100878361006000b80070
:102c10000200200003ff27000020e10001a8e100de
:102c200002b0e10003b8e10010003a002f7b9700ea
:102c30008600fb001104b100efa3970007004700d6
:102c4000f98f500002003e00812a21000100370068
:102c5000c12a2100310a0700c02a2100360a0700d4
:102c6000efa0970001014000140037000020e100b0
:102c700001a8e10002b0e10003b8e1001200360053
:102c80002f7997008200fb001104b100efa197009b
:102c900003004700f98f500002003e00012b210085
:102ca00001003700412b21001c0a0700402b2100a6
:102cb000210a07006fa29700040140005fa297005d
:102cc000cfa19700490237006022b8006033b800f6
:102cd0000800be000a01be00d60a07000000e0009e
:102ce000680032006000b8000200200003ff2300eb
:102cf000d0af9f00e1af9f00f2af9f0083b79f006e
:102d00008006eb000802be000a03be0094b79f00d5
:102d1000a5b79f00b6b79f00c7b79f000700370051
:102d20008d06e8000800be000a01be00d0af9f007b
:102d3000e1af9f00f2af9f0083b79f006022b80011
:102d400006002000470224005fa89700efa8970024
:102d50007fa997008fb197005b0c07000004be00ad
:102d60000205be000002be000203be001fb09700b5
:102d7000afb097003fb19700cfb19700ad0a070001
:102d80000000e000e6ff3d000006eb005fac9700ae
:102d9000efac97007fad97008fb597002500370007
:102da00040ed2f00808f560019003d000c00e00020
:102db00016003a006022b800060020000735240003
:102dc0001fb09700afb097003fb19700cfb1970009
:102dd0003d0c07000002be000203be0094b79f0036
:102de000a5b79f00b6b79f00c7b79f006022b80085
:102df00006002000073524000800be000a01be00be
:102e0000310c07000004be000205be001c002000bb
:102e10006022b80006002000470224000800be001f
:102e20000a01be00790b07000004be000205be00c7
:102e30008d06e9000802be000a03be001fb097001d
:102e4000afb097003fb19700cfb19700790a070064
:102e50000000e000d2ff35000800be000a01be00fd
:102e6000d0af9f00e1af9f00f2af9f0083b79f00fc
:102e70001fb49700afb497003fb59700cfb5970048
:102e8000080037006022b8000600200007ff23007a
:102e9000d4af9f00e5af9f00f6af9f0087b79f00bc
:102ea0008006eb00af7a97000500fb00ba09070027
:102eb000b07f9f007fa39700600020000600e00025
:102ec000010035007fa0970071c6b300bf7b97005b
:102ed00081cf53000a003a00ffa097000100e000f4
:102ee000cb013200cb0137008d0f5000cf013c00e9
:102ef00090b79f0052c6b300e2cf9f001e0037007c
:102f0000bf799700e3cf9f000200370064c6b3008b
:102f1000e4cf9f000000e80090b79f0060c6b300b8
:102f2000efca970080cf520013003a000d00e00076
:102f300008003d006000b8000200200003ff2300ed
:102f4000d0af9f00e1af9f00f2af9f0083b79f001b
:102f50008006eb0061c6b300e1cf9f0070c6b300ee
:102f60003f799700804f5100030032009fb19700d6
:102f70008d81410093b79f005faa9700efaa970049
:102f80007fab97008fb39700d4b79f00e5b79f0042
:102f9000f6b79f0087bf9f000800be000a01be0071
:102fa00090af9f00a1af9f00b2af9f00c3af9f0043
:102fb0000006eb000802be000a03be00e49f9f006b
:102fc000f59f9f0086a79f0097a79f0031003700bd
:102fd0005fb29700efb297007fb397008fbb970067
:102fe0001fa89700afa897003fa99700cfa9970007
:102ff000060b0700ae0e07000004be000205be006f
:10300000350a070080027800b5a79f005fb29700dd
:10301000efb297007fb397008fbb97000800be0008
:103020000a01be00a80b07001faa9700afaa9700cd
:103030003fab9700cfab9700a30a07000002be008a
:103040000203be0007f0a20094af9f00a5af9f004f
:10305000b6af9f00c7af9f006022b80006002000f7
:10306000470224005fb09700efb097007fb1970050
:103070008fb99700e50a07000002be000203be00f8
:10308000d4b79f00e5b79f00f6b79f0087bf9f00aa
:103090000c06e8009fb29700850f5600ccff350064
:1030a0006f9c9700ff9c97000fa597009fa5970026
:1030b0006022b80006002000470124005fb097009e
:1030c000efb097007fb197008fb997007e0b070094
:1030d0000002be000203be00d4b79f00e5b79f0008
:1030e000f6b79f0087bf9f001fa89700afa8970063
:1030f0003fa99700cfa99700ce0907000000e00084
:103100000f0035005fb29700efb297007fb39700d2
:103110008fbb97001fa89700afa897003fa9970003
:10312000cfa99700c30907000000e00011003a0092
:10313000bfa297000508a300080032000d00370069
:103140006000b8006011b800d0b79f00e1b79f00e1
:10315000f2b79f0083bf9f00060037006022b800cf
:103160006033b800d4b79f00e5b79f00f6b79f0063
:1031700087bf9f005fb29700efb297007fb39700c1
:103180008fbb97000800be000a01be00540a07006a
:103190000002be000203be0094af9f00a5af9f00d7
:1031a000b6af9f00c7af9f006022b80006002000a6
:1031b000470224005fa89700efa897007fa9970017
:1031c0008fb19700400b07000004be000205be004f
:1031d0000002be000203be001fa89700afa8970020
:1031e0003fa99700cfa99700970907000000e000ca
:1031f000090035008d06e80060c6b300efca9700ed
:1032000080cf520008003a001fb397000603e80081
:1032100096b79f00110037005fac9700efac9700a6
:103220007fad97008fb5970050c6b3006fc9970068
:10323000804f510009003a000802be000a03be0098
:10324000d4b79f00e5b79f00f6b79f0087bf9f00e8
:103250008002eb00d5af9f00070037000800be00da
:103260000a01be00d0b79f00e1b79f00f2b79f00f0
:1032700083bf9f00ddaf9f006fa697000001eb00aa
:10328000b2a79f00c29f9f00e29f9f009d9f9f004b
:10329000680037005fb29700efb297007fb39700e6
:1032a0008fbb97001fa89700afa897003fa9970072
:1032b000cfa99700550a0700fd0d07000004be00c6
:1032c0000205be0084090700e90f50000100340028
:1032d00090002000dfa197000348a3000c003a00f3
:1032e0000000e0000a003a0071c6b3003f7a970080
:1032f000814f520006003a00dfaa97000500e00067
:1033000003003d003fa397008606e8002100370038
:10331000cf9b97000700e0000c003a00dfa8970061
:103320000100e00009003d000c014700e1c2b300cc
:10333000014978000c06e8000fa997000201e90096
:1033400082af9f0013002000c39f9f000c01470025
:10335000bfa697000300370001c3b30001597800ee
:103360008d06e9000d00e000fbff3a003fa2970048
:10337000040646008c00470005c3b30085484000a2
:103380000c06e8000480ea000fab9700000343003e
:1033900086af9f005fb29700efb297007fb39700b0
:1033a0008fbb97000800be000a01be00c60a0700d6
:1033b0001faa9700afaa97003fab9700cfab97002b
:1033c000c10907000002be000203be0007f0a20010
:1033d00094af9f00a5af9f00b6af9f00c7af9f00ff
:1033e0006022b80006002000470224005fb097006a
:1033f000efb097007fb197008fb99700030a0700dd
:103400000002be000203be00d4b79f00e5b79f00d4
:10341000f6b79f0087bf9f00dfaa97008502e900eb
:10342000d5af9f006f9b97000603e800e69f9f00c3
:10343000bda79f00ef9b97001fb09700808f5300a0
:1034400005003d00afa097004100900065005000ce
:10345000800f56008fff39009f9e97004f9997006d
:103460000200e00007003a00dfa197000348a30034
:10347000040032000c004700e1c2b30001487800ac
:103480000c06e8000c0047000048eb0051c6b300f2
:103490006fca9700814f520036003a00af9a9700ea
:1034a0008500e900010147000049eb008001eb00c5
:1034b0000d00e00002003d008d06ea001300200030
:1034c00022002000810378008faa97000004780072
:1034d0000b0037008103780007034700a400200099
:1034e000110009008406d8000102780080067800e7
:1034f00000c3b300004b42000201e9008502e9006d
:103500008700e9000d00e000f2ff3a000200e00051
:10351000f0ff3c0085af9f000800780001024700e3
:10352000b2c2b3000300e00001003200d2c2b30017
:10353000024a78000101e90082004700af79970054
:103540000302fb001404b10053c6b300f90f52008c
:1035500001003e0053c4b300834878000faa9700cf
:103560000482e90084af9f00820f560001003d00f5
:10357000ea070700dfa2970063806200e20f5000b5
:1035800015003a000fab97000600e000120034006f
:103590000e007800e8070700060037008fab9700a1
:1035a0008700470080804000000147009248780073
:1035b0000000e900efa09700810f5000f7ff3d00e9
:1035c000010047000fa9970001032000b206070081
:1035d0000001eb00c2a79f000e007800d60707008d
:1035e0005fa29700cfa19700000178008e007800bd
:1035f0003f9897006a0207004f0778004f06be0009
:103600004f05be004f04be002f04b10000000600ad
:1036100010002000e48f460033fe3d0090b79f006d
:1036200053c6b300e3cf9f0053fe37000d00e00008
:1036300036fe350090b79f0046fe37000200fa00c4
:10364000889fbe008a9fbe00800578000104780034
:10365000020078001801900028059000980078007a
:10366000b1bf9f00b80490000200e00002003500e6
:103670000110a100b1bf9f00ea8157008200200025
:103680008a007800100278009002900020039000d9
:10369000b0039000080078004b0007003fb9970086
:1036a000f0006100040032000000e9008080440066
:1036b00002c3b300824878003fb99700e800610078
:1036c000040032000000e9008080440002c2b30020
:1036d00082487800480190000201e9000001510091
:1036e000808044003fba97008a0178000b00780080
:1036f0002b0207009b0090000188a3000400320009
:1037000098009000810f500001003d0001007800fa
:103710004f05be004f04be000080fa000000060006
:10372000ea874700889fbe008a9fbe008e1f7800f0
:1037300000047800030078007287570084e22600b6
:1037400055c72600049fbe00c3962200030f7800d1
:103750006c875700004feb0011059000a10490000a
:10376000910578000200e0000200320002077800b4
:1037700001003700728757000000e00002003a00a5
:103780000e0078006c0707000a00e0000300350017
:103790008a0f5000010036000a0078000b02780002
:1037a00089017800000178008e0078000800780018
:1037b000fb0107004f0778004f05be004f04be0015
:1037c000af00b10000000600f4874700889fbe00ec
:1037d0008a9fbe008c9fbe008e1f78000605be002b
:1037e0000404be0081bf9f0082b79f00f3b79f0013
:1037f000b0009000e1b79f001301780092b79f00de
:1038000090069000400090000000e900000678005b
:103810000d00e00001003d001d002000efb1970009
:10382000008041000048eb001e0020001f00370010
:103830000c06e9000fb09700cf80de006109b900e7
:10384000a0b79f00b1b79f00c2b79f00d3b79f003a
:103850000203be000002be000800be000a01be0056
:103860005c0b070000077800efb097000c80400069
:1038700003c3b300034847008d06e9000fb8970063
:103880000000e90080bf9f002fb29700bfb29700f1
:103890004fb39700dfb397000800be000a01be00d7
:1038a000450b07000205be000004be000c00e0004e
:1038b0000d003400e00f5400e08f5c00e00f5d006d
:1038c000e08f5d00daff3a000d00e000d8ff3c0019
:1038d0008fb897000100e000030034001fb197008b
:1038e0000218a300d2ff3a000e00e00002003a00e6
:1038f000ffb197001340a1000c0078004f0778003b
:103900004f06be004f05be004f04be004f01b10080
:10391000000006000200fa00889fbe008a9fbe00d9
:10392000000578000104780002007800180190007a
:10393000a804900098007800b1bf9f00b8059000df
:103940000200e000020035000110a100b1bf9f009d
:10395000ea815700a2002000890078001002780058
:103960009002900020039000b003900008007800bf
:1039700095ff0700480190000201e9000001510095
:10398000808045003fba9700890178000a007800de
:10399000830107009a0090000188a3000400320010
:1039a00098009000810f500001003d000100780058
:1039b0004f05be004f04be000080fa000000060064
:1039c000fa874700889fbe008a9fbe008c9fbe007a
:1039d0008e1f78008004780001047800820578004a
:1039e000180190002805900018077800b800900092
:1039f0000200e000020035000e10a10001003700b7
:103a00001200200070006700e0b79f000b0032003a
:103a10001b0278009b0290002b039000bb039000d8
:103a2000e00f5200e08f5a00e00f5b00e08f5b0078
:103a3000020032008a86e900010037008a06780019
:103a4000e8026700f5b79f00010032008d06e9002b
:103a50001b0278009b0290002b039000bb03900098
:103a6000e4af9f00f5af9f0086b79f0097b79f0018
:103a7000480690000c06e9000c8040000048eb006e
:103a8000efb297007fb29700890378008104780035
:103a9000d8af9f00020478008bbf9f008a05780092
:103aa000034578002b0037000c06e9006fab970048
:103ab0006f006300e90f500002003c000003b000fb
:103ac000010037007005b0000a03fb001604b100c6
:103ad000f90f53000c003e00000378000650a000d0
:103ae0001606b100f90f530007003e00b4b79f005f
:103af000a5b79f00c7b79f00ae060700cfb39700da
:103b0000afb297003fb297000c834400004b78009f
:103b10000804e9008d06e9006fa89700ffa8970048
:103b20000fb197009fb19700460020008301d1009c
:103b30000281d3008180d3000080d3000603e90016
:103b4000faff3a00e0af9f00f1af9f0082b79f00fd
:103b500093b79f00e10f56000f0034006fa8970045
:103b6000ffa897000fb197009fb19700e00f50009a
:103b7000e08f5800e00f5900e08f5900caff3a006b
:103b80000800e000c8ff3c000d00e0000200340027
:103b90000e18a300c4ff3a0089007800f4b79f0014
:103ba000870478005fac97008a4178000b057800a5
:103bb0008fbd97000500e000140032001b02780062
:103bc0009b0290002b039000bb039000e4af9f008a
:103bd000f5af9f0086b79f0097b79f00e00f520098
:103be000e08f5a00e00f5b00e08f5b0007003200bf
:103bf0000c06e9000c804000034878000c06e90040
:103c00000c80400002c3b30002487800ffb2970066
:103c10000500e000040032000c06e9000c804000c2
:103c200002c2b30002487800480190000201e90096
:103c30000c0151008c8040000e0278008a0178004f
:103c400009007800d6000700990090000188a300c1
:103c50000400320098009000810f500001003d00e8
:103c6000010078004f0778004f06be004f05be00e8
:103c70004f04be00af01b1000000060082017800d1
:103c800001017800f1ff270051063700881f7800f6
:103c90000004780000082000808f50001a003500d2
:103ca00010082000808f50000d00340030082000e4
:103cb000808f500014003a00920078006880500015
:103cc0000009780010027800900290002003900014
:103cd000b0039000049cbe000694be0008003700ac
:103ce00092027800648052000009780090009000f1
:103cf00010007800d9060700009cbe000294be00a8
:103d000010002000010037000000eb004f04780095
:103d10000000060084082000848f50001d0032003f
:103d20000d003c0014082000848f50002700320052
:103d300002003c0004082000040037002408200092
:103d4000848f50003600320044082000848f5000d9
:103d500047003a003a003700040a2000848f5000e0
:103d60002900320004003c0004092000848f500028
:103d70003f003a002a003700020c2000828f5000da
:103d800033003200020f2000828f500038003a00ca
:103d90002f0037009380e9000200e00005003200a8
:103da000810978001102fb00cfa2de00612bb9006f
:103db0002c00370081097800114278000482fb0052
:103dc0008002eb006033b800260037001302780051
:103dd000e40052000200e000060032008109780091
:103de00011027800910290004fabde00860378004c
:103df0001c003700810978001102780091029000c0
:103e00006033b800170037009380e900810978001b
:103e100011027800cfa2de00612bb900110037003b
:103e200093027800e880520081097800110278003e
:103e30009102900021039000b10390000900370027
:103e40009380e9000200e00002003200efff37003b
:103e50009380e90081097800110278008002eb006c
:103e60006033b8000498be000690be001000050044
:103e70000000050044082000848f50002500320017
:103e800008003c0014082000848f50001400320009
:103e900024082000848f50002400320004082000f1
:103ea0000c00370004092000848f50001f003200ee
:103eb00004003c0084082000848f500024003a0055
:103ec0000e003700040a2000848f500011003200d9
:103ed000040c2000848f50001d003a000d003700b4
:103ee0009380e9008109780091007800010878004a
:103ef000cf91de008288be00140037009380e90075
:103f000081097800910078000108780082487800e3
:103f10000e0037009380e900810978009100780055
:103f20000108780082087800080037009380e900d3
:103f30008109780091007800010878006112b900c9
:103f4000612bb9008498be008690be001000050069
:103f500000000500889fbe00000478004800900023
:103f600082047800808f54000100360080047800bd
:103f700009017800580090004004070058009000a4
:103f80000900400050049800c80090008984500047
:103f9000490498000048eb004f04be0000000600f2
:103fa000f2874700889fbe008a9fbe008c9fbe009c
:103fb0008e1f7800800478000105780002047800e4
:103fc000830578006107620002003a008b0f5400fd
:103fd00008003900080178008a007800090078009c
:103fe000dcff07008b0f54000200390088057800c1
:103ff0001e003700088655000c017800f00f5600af
:104000000100360002012000010220007e805700de
:10401000210407008c06780005003700020120000b
:10402000fe80570009007800caff0700f08656009e
:10403000ef8f5600f9ff3e004461de0000ff2f00c5
:104040008091b9000c014100fe8057000900780002
:10405000c0ff07000e00e00004003a0008017800ed
:104060008a00780009007800baff07000b0078008a
:104070004f0778004f06be004f05be004f04be003c
:104080002f01b1000000060000000500000005003f
:1040900000000500000178000040eb008080fb007c
:1040a0008180400023292100818141001342780052
:1040b0000404e00004003a0030292100810040009f
:1040c000114078000000060092017800934f5200e2
:1040d00005003a003029210081004000114078009d
:1040e0000309e800010037000040e800ea4f5000f3
:1040f000eaff360000000600f6874700889fbe00f2
:104100008a9fbe008c9fbe008e1f7800000578003d
:104110000104780083057800040678000000eb00b5
:10412000c0b79f008080eb00d1b79f00e0b79f0031
:10413000f2b79f000008200080bf9f009800780021
:10414000010078008004eb00010037008904e800da
:10415000304178000204e0000300320053c2b30093
:10416000834f5100f9ff3a000900e00004003200db
:10417000090178000a00780076ff0700188c4400d7
:104180001807780050c2b3009e4f10003f013a005c
:104190000e07e8000e0c780010003700cfb0970033
:1041a0000100a0000b003700cfb097000110a00065
:1041b00008003700cfb097000120a00005003700ad
:1041c000cfb097000130a00002003700cfb09700b9
:1041d0000140a000c1b79f00000ce8001800780063
:1041e00090407800b2c2b30082cf5000f1ff32009d
:1041f00007003c0002c2b30082cf5000f0ff320043
:1042000032c2b30082cf500007003a00efff370000
:10421000d2c2b30082cf5000e0ff320002c3b3002d
:1042200082cf5000e0ff3200a2c2b30082cf500024
:104230000d003a00000ce8001c80e900000e780038
:1042400010007800e0b79f000000e0000f003d0084
:10425000cfb097000100a200c1b79f000000ea00a4
:10426000e0b79f000900370039010700e0b79f0061
:1042700001003700000ce800180078009000fb00f7
:104280000103b100e98f5000faff36004fb09700ec
:104290000008a300020032000010a100c0b79f0078
:1042a00018007800e1c2b30090cf100016003a0069
:1042b0008000eb00d1b79f000000e800000c780000
:1042c000a1c2b30090cf100006003a00000ce80035
:1042d0001c80e900000e780010007800d0b79f0025
:1042e000090037001a010700d0b79f00010037000e
:1042f000000ce800180078009000fb000103b100fa
:10430000e98f5000faff36000800780061ff0700cf
:1043100080467800180078001000fb009e0407001b
:1043200091062000810f50003800320012003c003e
:1043300041062000810f5000340032000a003c008a
:1043400011062000810f50002000320031062000ad
:10435000810f5000a000320051022000810f500058
:10436000bc003a00b400370071062000810f5000f5
:10437000b8003c008800370001072000810f500082
:104380005c00320007003c00e1062000810f500075
:104390007a003200f1062000810f5000ad003a0093
:1043a0003900370051072000810f500027003200ec
:1043b00081072000810f50004200320031072000a9
:1043c000810f5000a3003a008f0037008d80fb0062
:1043d0000c01780000fe2f000f0040002bfe0700ac
:1043e0000000e000a800320018007800000ce8008f
:1043f0009041780002fe2f000f014100f880570025
:104400000a00780021ff07000e0037008d80fb00b6
:104410008c0178001200200000fe2f000f004000e9
:104420003cfe07000000e00097003200180ce80096
:1044300002fe2f000f014100f88057000a007800ab
:104440004ef9070080844400900037008d80fb0007
:104450008c0178000001eb0000fe2f000f004000ef
:104460002cfe07000000e00087003200180ce80076
:1044700002fe2f000f014100f88057000a0078006b
:1044800024fd0700efff37008d80fb008c017800d2
:104490000001eb0000fe2f000f0040001dfe070092
:1044a0000000e00078003200180ce80002fe2f0047
:1044b0000f014100f88057000a0078005ffc0700f8
:1044c000e0ff37008d80fb008c0178000001eb00dd
:1044d00000fe2f000f0040000efe07000000e0006d
:1044e0006900320018007800000ce8009041780064
:1044f0001c0037008c0178000001eb00010f200048
:1045000000fe2f000f00400002fe07000000e00048
:104510005d003200180ce8000fb097009fb09700c4
:104520002fb19700bfb19700e00f5000e08f580007
:10453000e00f5900e08f590009003a00cfb597000d
:104540006fb49700a0282100fb0307000b0278003e
:104550008801780000017800a12821004700370079
:1045600083c7b30002fe2f000f014100f8805700ff
:104570000a00780012fd0700b2ff37000b814400eb
:104580008d80fb008c01780000fe2f000f004000a2
:1045900038fe07003c0037008d80fb000c017800de
:1045a00000fe2f000f004000b8fd07000000e000f3
:1045b0003500320018007800000ce80090417800c7
:1045c00002fe2f000f014100f88057000a0078001a
:1045d00047f907009bff370000c8b30080cf5600a3
:1045e00029003a00180ce8001c80e900000e780051
:1045f00010407800e0df9f0013002000e2fd2f0054
:104600000f0141000800370000c8b30080cf5600fa
:104610001d003a00180ce8001c80e900000e78002c
:104620008001eb0010017800f88057000a00780044
:104630003bfc070083ff370000c8b30080cf560063
:1046400011003a00180ce8004fb29700efb1970044
:10465000080037000e0c78000000eb00c0b79f0088
:10466000e0b79f000080eb00d0b79f000002eb0096
:104670008401780012002000012921000a0078003e
:1046800047fe07006fff3700180ce80009007800ac
:104690004f0778004f06be004f05be004f04be0016
:1046a0006f01b100000006008200fa00889fbe0082
:1046b0008a1f78000005780082047800c13f9f00bf
:1046c0000004eb0010003700090278008801780030
:1046d000a2f72f000f01410081f72f008f804000cb
:1046e0000a00780084fe070008004000880f500090
:1046f00004003d00b0042000c09588000084eb0059
:1047000004003700000478004f3897001004e000e0
:10471000edff3a00080078004f0578004f04be0016
:104720000080fa00000006008000780010002000e1
:1047300002022000828f500004003200e980500005
:10474000e48f5000010036000000eb00000006007e
:10475000889fbe008a1f7800000578000a04780050
:10476000984478000805e8000900fb00eeff070008
:104770000000e000f9ff3a00b0c2b30080cf54005f
:1047800005003200d0c2b3008000eb0080cf54009f
:1047900005003a00020037008000eb0001003700fe
:1047a000110020000804e8000000eb0003003700bf
:1047b000ea00b900020050000003b0003801fb001d
:1047c00003fd2f0082814100e98f5100f8ff360080
:1047d0000100e00001003a000000ea004f05780007
:1047e0004f04be000000060080007800100020008a
:1047f00002022000828f500004003200e980500045
:10480000e48f5000010036000000eb0000000600bd
:104810006f02b000889fbe008a9fbe008c9fbe00c2
:104820008e1f780000067800010778008204780067
:10483000d4af9f00e5af9f00f6af9f0087b79f0002
:1048400040022000800f57007e003e00e10f57001d
:104850007c0032007c089000bc109000810f50005a
:1048600003003100b086fb00700e98000300370093
:104870000c00780091020700800678000d00780097
:10488000d9ff07000000e000f2ff3a00b00220006c
:10489000808f5600050032008002eb0085af9f003c
:1048a000d0022000808f560010003a00dd82b20056
:1048b0000df0a7008d06ea008d06e900cfeede00c0
:1048c0008daf9f007c089000bc109000810f5000bd
:1048d00003003100b086fb00700e98000300370023
:1048e0000c00780075020700800678000e00e000da
:1048f00002003200f00f570043003a00000320008e
:10490000808f56003d003a007c089000bc1090005b
:10491000810f500003003100b086fb00700e98003c
:10492000030037000c00780064020700800678005e
:104930008d0078000150a00080072000808f50007b
:104940002b003a007c089000bc109000810f5000b2
:1049500003003100b086fb00700e980003003700a2
:104960000c00780055020700800678000002210044
:10497000008046000e012000f6c0b300904f1300e7
:104980008c0036003c1090000000e0000300320074
:10499000fc0890008100e900710e98000900e00019
:1049a0000c0032006022b8006033b800d4af9f0022
:1049b000e5af9f00f6af9f0087b79f000000e000c3
:1049c000a20132007c0890000000e900700e9800ff
:1049d0009e0137006022b8006033b8000c007800f8
:1049e000110207006000b8006011b80093013700a1
:1049f0000e00e0009f013200170037000e00e000bb
:104a000001003a00ae0020000002210000804600b4
:104a10001080fb008e0f50000f0039003c109000fa
:104a20000000e000030032007c0890000000e90074
:104a3000700e98006022b8006033b8000c00780057
:104a4000f901070060012000c09588006022b800cd
:104a50006033b80072013700ea0f570055003a0082
:104a60000004eb000d0078000c003700ea44b900a8
:104a7000000444000803b100fc0890003c109000c2
:104a8000808f5000030031003180fb00710e9800d0
:104a9000020037000c0078000802070001fd2f001b
:104aa00080804000e98f500003003e008199210082
:104ab000810f5400edff3600800678008004eb0083
:104ac0006055b800120037001faa9700afaa9700e0
:104ad0003fab9700cfab97000004420081844a00af
:104ae00002054b0083854b007c089000bc109000b1
:104af000810f500003003100b086fb00700e98005b
:104b0000030037000c007800ec01070080067800f5
:104b100005fd2f008582460095af9f00e98f52006a
:104b20000b013e0090992900919929009299290042
:104b3000939921000040e10001c8e10002d0e100aa
:104b400003d8e100dd003e00a400200005002000a5
:104b50006033b8000800be000a01be00ff0607006f
:104b60001faa97008002eb006033b80094af9f004b
:104b7000a5af9f00b6af9f00c7af9f000482ea00b9
:104b80008582ea000683ea008783ea00d4b79f00a3
:104b9000e5b79f00f6b79f0087bf9f000400e100c4
:104ba0000588e1000690e1000798e100c6ff3600a5
:104bb000c20037000e00e9000e0060000300320062
:104bc0000004eb000d00780066003700f770b900b4
:104bd0004500de00670060006101210000804000a8
:104be0009000fb000004eb000d00780081047800c9
:104bf0000b0037000944dd0001047400fc0890003c
:104c00003c109000808f5000030031003180fb0089
:104c1000710e9800020037000c007800a701070011
:104c200001022100810040009180fb008e8f500026
:104c300003003100f27f2000820f5400edff3600a8
:104c400080067800890078008004eb006055b80089
:104c5000f4ff2f00f5ff2f000403be0001007800d1
:104c60000000e900050033008703d1000683d3006c
:104c70008582d3000482d300f9ff37000d0078004d
:104c800081067800200037000d0178000201e9005c
:104c9000050033000804d0008984d2000a85d200c0
:104ca0008b85d200f9ff37000180fb008000eb000c
:104cb0006011b80008047000898470000a05710052
:104cc0008b857100fc0890003c109000808f500094
:104cd000030031003180fb00710e98000a0037009c
:104ce0000c00780094b79f00a5b79f00b6b79f004f
:104cf000c7b79f0071010700cfb397003fb397007c
:104d0000afb297001fb2970001022100810040005e
:104d1000914078000181fb008e0f5100610031004d
:104d20000440e10005c8e10006d0e10007d8e10039
:104d3000d5ff36005b0037008ec4b9000884400000
:104d4000fc0890003c109000808f50000300310060
:104d50003180fb00710e9800020037000c007800d3
:104d60005601070001022100810040009180fb00f4
:104d70008e8f500003003100b2712000820f54006a
:104d8000edff3600800678008004eb006055b80027
:104d900098af9f00a9af9f00baaf9f00cbaf9f0015
:104da000120037000002440081824c0002034d00d3
:104db00083834d0094af9f00a5af9f00b6af9f00c7
:104dc000c7af9f007c089000bc109000810f50007e
:104dd00003003100b086fb00700e9800030037001e
:104de0000c007800350107008006780000022100e1
:104df0000080460010407800e0cf9f00804278009d
:104e00000580fb008e0f5000280031006174b8004f
:104e10006055b8000802be000a03be00f0ff2f0074
:104e2000f1ff2f000001be00e30507001faa970055
:104e3000afaa97003fab9700cfab97000020e100ef
:104e400001a8e10002b0e10003b8e10017003e0054
:104e50000802be000a03be001fa89700afa8970073
:104e60003fa99700cfa997003c060700efca97001b
:104e70000584fb008004eb006055b8000882ea005e
:104e80008982ea000a83ea008b83ea000400e100d9
:104e90000588e1000690e1000798e100c1ff3600b7
:104ea0000200370080067800040037001fac97002e
:104eb000afac97003fad9700cfad97000002210047
:104ec000008046001080fb008e0f50002000310053
:104ed0000d00780009003700fc0890003c1090009d
:104ee000808f5000030031003180fb00710e98006c
:104ef000020037000c007800f000070001022100da
:104f0000010040001080fb008e0f5000f2ff3900be
:104f100020022000c09588005fab97000608a30020
:104f2000070032005fac9700efac97007fad9700b1
:104f30008fb597008003eb0087af9f000400370018
:104f40005fac9700efac97007fad97008fb59700ef
:104f50003c1090000000e000030032007c0890004c
:104f60000000e900700e98005fa89700efa8970076
:104f70007fa997008fb197000040e10001c8e100d0
:104f800002d0e10003d8e1001c0039000008a300b2
:104f90000e003a008fa897000100e0000b003a00d5
:104fa00020022000c09588005faa9700efaa970012
:104fb0007fab97008fb3970061025200e0825a00e6
:104fc00060035b00e0835b00150037005fa897007b
:104fd000efa897007fa997008fb197000040e100ec
:104fe00001c8e10002d0e10003d8e100030036006f
:104ff00020022000c0958800140037008fa8970079
:10500000e18f40000b003a006000b8006011b8006a
:1050100008025000898258000a0359008b83590006
:10502000d4af9f00e5af9f00f6af9f0087b79f000a
:10503000060037000800be000a01be00d0af9f0086
:10504000e1af9f00f2af9f0083b79f005fa897007a
:10505000efa897007fa997008fb197004f077800be
:105060004f06be004f05be004f04be006f02b100e8
:10507000000006008e002000cefe37008001780080
:1050800002003700b15978000201e9000200e00097
:10509000fcff3a0000000600889fbe008a9fbe0009
:1050a000800478000200e0005b00320001407800dc
:1050b000814c780082814400f1f99f00e20f510099
:1050c0005500360091449800a1449800e1f99f00f2
:1050d000d1f99f00e60f51004f003600b14498000f
:1050e000c1f99f00e80f51004b0036000905ea00a6
:1050f000630565000a8444000a055100c1ff2f00c2
:10510000010565000080fb008000eb00121020000c
:105110001310200066020700008cbe000a01440044
:1051200060b99f0071b99f00e80f55003a00360042
:10513000200498003104980040049800510498001d
:1051400020b99f0031b99f0040b99f0051b99f001d
:10515000f80f550030003600600498007104980084
:10516000000c9800110c9800200c9800310c98004d
:10517000400c9800510c980020b19f0031b19f0065
:1051800040b19f0051b19f0060b19f0071b19f007d
:1051900000b99f0011b99f006401640078014100cb
:1051a00002044400020555006011b8000203be006d
:1051b0000002be000403be006022b80000007200be
:1051c0008180720002017300838173001000370038
:1051d000009cbe000294be00400498005104980058
:1051e0006204980073049800000c9800110c980059
:1051f000220c9800330c9800400c9800510c980039
:10520000620c9800730c98000a02b1000802b0000a
:10521000ff0f5500eeff3e00090078004f05be006d
:105220004f04be0000000600889fbe008a9fbe009b
:105230004410980055109800661098007710980058
:10524000f00890002004900001045400cfc4de0058
:10525000614db90008189800191898002a1898008c
:105260003b189800e00f5200e08f5a00e00f5b00ff
:10527000e08f5b000c003200001490000104540029
:10528000cfc4de00614db9000440e10005c8e10073
:1052900006d0e10007d8e10003003400048240009a
:1052a00034109800020037008010900031109800f0
:1052b0004f05be004f04be00000006002800fa00a3
:1052c000889fbe008a1f780000047800f8089000cc
:1052d0002800900000805000081a9000981a900052
:1052e000281b9000b81b9000cf80de000402400015
:1052f0008582480006834800878348004810900054
:10530000d810900068119000f8119000e00f500044
:10531000e08f5800e00f5900e08f5900050032007f
:105320000020e10001a8e10002b0e10003b8e100c3
:105330000d003d0008007800d4b79f00e5b79f003e
:10534000f6b79f0087bf9f00c60007008004780063
:105350005fb29700efb297007fb397008fbb9700c3
:105360000900e00016003d0078089000a8009000b9
:10537000808050004f89de00048240008502490091
:105380000603490087034900041c9800151c980077
:10539000261c9800371c980030149800f0ff2f004e
:1053a000f1ff2f000001be00401498005114980036
:1053b00062149800731498008084eb005200370048
:1053c00061004200e0804a0060014b00e0814b0038
:1053d00090bf9f00a1bf9f00b2bf9f00c3bf9f00af
:1053e00048129000d812900068139000f8139000b3
:1053f00094b79f00a5b79f00b6b79f00c7b79f009f
:10540000e00f5200e08f5a00e00f5b00e08f5b007e
:1054100028003200780d9000081190000a01510018
:105420006112b900612bb900d4af9f00e5af9f00b6
:10543000f6af9f0087b79f001fb09700afb09700ef
:105440003fb19700cfb197001fba9700afba97004e
:105450003fbb9700cfbb97000400500085805800e9
:10546000060159008781590090af9f00a1af9f00ae
:10547000b2af9f00c3af9f005faa9700efaa97004b
:105480007fab97008fb397000020e10001a8e100f7
:1054900002b0e10003b8e100060034009fb29700bb
:1054a0001fbb97000681520082004500311498000e
:1054b00002003700881390003714980028019000ec
:1054c000f8089000810151001fba9700afba970009
:1054d0003fbb9700cfbb97004f98de00048241008e
:1054e000850248000603480087034800041c980012
:1054f000151c9800261c9800371c9800828f5000bd
:1055000001003e00f9f89f00090078004f0578007f
:105510004f04be000080fa0000000600881f7800db
:105520000004780008007800630007000800780095
:105530004f04780000000600800078000400370067
:105540003104e00002003a000000510000000600b3
:10555000010178000108a300f9ff3a0081017800f9
:1055600031017800f4ef2f00020242000281ea00cc
:10557000020162000408280004016100f7ff320004
:1055800083007800010178003104e000fdff3a005b
:105590000000510000000600f1fb2f008080400059
:1055a000f98f500001003e000050a00000000600ee
:1055b000f9ff3700f1f92f0080804000f98f50008b
:1055c00001003e00f005b20000000600f9ff3700c0
:1055d000f28747008e1f78000202780003017800ee
:1055e0000000e000020032000007780001003700f0
:1055f000728757008002eb000100e00001003200da
:105600008102e90070805700060009000018eb00d5
:105610000080eb0080bf9f002310200093bf9f00fd
:10562000aebf9f00b1bf9f00c5bf9f000100e0005b
:1056300003003d00b1042000c1958800060037003a
:10564000004feb00eebf9f00debf9f00840078009c
:1056500070805700380007004f0778002f01b10015
:10566000000006000200fa00889fbe0000047800d7
:10567000080078003e0007008084eb000000e00096
:1056800009003a009811900012002000e6805700af
:105690000800780003000100e10f500002003a000a
:1056a0002ff897008084fb00090078004f04be00ab
:1056b0000080fa00000006000101780080017800f7
:1056c000008268000408a3000500320013003700c0
:1056d00032407800805978000004e0001400320065
:1056e000030278000208a300f9ff3a0003007800e3
:1056f000010037000318780082007800b2017800ba
:10570000f5ef2f00838242000382ea0004826200e8
:105710000508280005026200f6ff3200000278004a
:1057200031417800025878000204e000fbff3a00a3
:1057300004007800000006000200fa00881f7800cc
:1057400000047800e2bf9f006481570008007800e1
:10575000d5fb0700980090000148a300010032002b
:105760000080eb004f0478000080fa000000060083
:10577000881f780000047800486090008040e900ad
:1057800000c0700040649800d8009000680090004d
:10579000808f500005003600b80990000001eb0032
:1057a0008200780008007800030001000000eb0090
:1057b000200c980060049800500498009800900015
:1057c0000118a300030032000140a000110498005a
:1057d00008003700280190003800900000004100c8
:1057e00000149800700c98000000eb000138a30032
:1057f000010032000080eb004f047800000006003a
:10580000020037000000060000000500fdff070051
:10581000d09580008000eb00fbff0700d095800052
:105820008000eb00f8ff0700d09580008000eb00bf
:10583000f5ff37008f1fd100f10307008f87e900c4
:105840000000e00000000600809feb00ec03070072
:105850008f87e9000000e000000006008103780067
:10586000cfef07000001be006000b8000478a3007d
:1058700013003a006220e10015003e000d003900df
:105880008301d1000281d3008180d3008301d10044
:105890000281d3008180d3008301d1000281d30033
:1058a0008180d3000538b000c42add00f300b200c7
:1058b0008381720007f0a70003f0a000000006003b
:1058c00083ff2700020020006110b900f9ff3700b4
:1058d00003ff2700f7ff37001400fa00889fbe007f
:1058e0008a9fbe008c9fbe000004be000205be0061
:1058f000680047000a90be000890be00fb03070046
:105900000070a7000bf0a100304320009e02900021
:1059100080825200b0fe2f000028e10011003d00ff
:10592000b0fc2f000028e100150034001e09900093
:105930008e0890007e0090000501b0000201d100a9
:105940008180d3000080d3008502e800fbff3a008d
:105950000b00e00020043b0060001000e080180015
:105960001d043700f0ff2f00f1ff27000b00e000bf
:1059700019043b0001002800000020001604370035
:105980006000b800140437000003be0084ef070075
:105990006011b8000470a70007f0a1006509b1000c
:1059a0001b00320012003500860220000628e100ac
:1059b00008003500f3ff2700f2ff2f006110b90047
:1059c0000700e00018003b00030028006000b8005a
:1059d00002000500000040008180480002014900eb
:1059e000838149008502e900faff3a000800370088
:1059f000f88f420002003c008000eb000000050030
:105a00008100d1000080d3008502e800fcff3a004d
:105a10000700e00004003b0060001000e080180078
:105a200060011900e0811900000006000001be00bd
:105a30005bef07000470a70003f0a1006509b10047
:105a4000160032000d0035006828e1000600350020
:105a5000f0ff2f00f1ff27000300e00013003b00e0
:105a6000010028000000050000004000818048007f
:105a70008502e900fcff3a0008003700f88f420079
:105a800002003c008000eb00000005008100d10016
:105a90000080d3008502e800fcff3a000300e0002c
:105aa00002003b0060001000e080180000000600cb
:105ab000020ab900001bb9000200b80081004200d0
:105ac00081004300000006008c9fbe008a9fbe003c
:105ad000889fbe00ca0107000bf0a2000400370037
:105ae0008c9fbe008a9fbe00889fbe00c401070035
:105af0000c48e1000b003a000c40e10002003200cb
:105b00008b010700400037008b066d003e0032001d
:105b10000af0a100f3012000f2ff2f006110b9008c
:105b2000390037000c40e100370032000940e10045
:105b3000010036007e0107008a856d00cf5dde0022
:105b40000b0575000006eb008804fd008904540075
:105b5000010032007d0107000a04e00011003a0054
:105b60000800e00028003200040040008580480062
:105b700006014900878149000358a300180032003c
:105b80008301d1000281d3008180d3000080d30043
:105b90000c86d30001003900610676000804e80095
:105ba0001800370004005000858058000601590095
:105bb00087815900060031000af0a2000c06ea00b5
:105bc00060001800e080180060011900e0811900f1
:105bd00003003a000004eb000005eb000a00370068
:105be0000348a30007003a000c06460000004800e6
:105bf0008180480002014900838149000804e900ce
:105c0000f7ff3700af013700c90137008c9fbe0096
:105c10008a9fbe00889fbe00790107000b056d00ba
:105c20000940e1000a003a000800e00002003200ea
:105c30000c40e10006003a000af0a1000c047800d4
:105c4000f3012000f2ff2f006110b9009d00370022
:105c50000c40e1009b0032000800e0009900320097
:105c60000c48e10002003a000004eb00030037009a
:105c70000900e00004003a000c0478006000b8005d
:105c80006011b8008f0037000348a30006003a00f7
:105c900000004000818048000201490083814900e2
:105ca0000804e900f8ff37000748a30006003a009f
:105cb0000402420085824a0006034b0087834b00a2
:105cc0008904e900f8ff3700fd3f20008d8454006f
:105cd000090454008a1f7800881f780000047800a7
:105ce0008104780002057800830578006000b80020
:105cf0006011b8000d0420000500370008044400be
:105d000089844c000a054d008b854d000800310048
:105d10000404540085845c0006055d0087855d00f1
:105d20008381d2008d06d300f4ff3b0007003700cb
:105d30000404440085844c0006054d0087854d0011
:105d40008381d2008d06d300ecff3b0008044400a1
:105d500089844c000a054d008b854d0008003100f8
:105d60000404540085845c0006055d0087855d00a1
:105d70000281d2008d06d300f4ff3b0007003700fc
:105d80000404440085844c0006054d0087854d00c1
:105d90000281d2008d06d300ecff3b0008044400d2
:105da00089844c000a054d008b854d0008003100a8
:105db0000404540085845c0006055d0087855d0051
:105dc0008180d2008d06d300f4ff3b00070037002e
:105dd0000404440085844c0006054d0087854d0071
:105de0008180d2008d06d300ecff3b000804440004
:105df00089844c000a054d008b854d000800310058
:105e00000404540085845c0006055d0087855d0000
:105e10000080d2008d06d300f4ff3b00070037005e
:105e20000404440085844c0006054d0087854d0020
:105e30000080d2008d06d300ecff3b000b00e00099
:105e400004003d000404440085844c0006054d0018
:105e500087854d000006eb008301d1000281d3004d
:105e60008180d3000080d3000c86d3008301d10051
:105e70000281d3008180d3000080d3000c86d30040
:105e8000890474008b0575008b8474000100320056
:105e9000610676004f0478004f0578000348a300a0
:105ea00007003a000c0646000000480081804800c8
:105eb00002014900838149000804e900f7ff370027
:105ec000000137001a0137008c9fbe008a9fbe0078
:105ed000889fbe00ca0007000b056d008a05780088
:105ee0000c40e10008003a000900e00082003a009e
:105ef0000af0a1000c047800f3012000f2ff2f004b
:105f00006110b9007c0037000c48e10004003a0041
:105f1000870007000900e00077003a00f4ff37002f
:105f20000800e000740032000900e00002003a00be
:105f30007f00070070003700ed3f20008d84540083
:105f4000090444008a1f7800881f7800871f7800a2
:105f5000861f7800851f7800841f7800cb19dd002c
:105f6000c515de008b8571004b11dd00450dde008f
:105f70000a057100cb08dd00c504de0089847000cd
:105f80004b04dd000440b8000546b8008c8040009a
:105f900060814e00044eb8008c8040000d01490025
:105fa0008001eb000318ad000456b8000c0141005d
:105fb0008d8149000002eb000420ad000646b800c8
:105fc0000c0141008d81490060024a00054eb80075
:105fd0000c0141008d81490060024a000556b8005d
:105fe0008c8141000d024a008002eb000528ad00c3
:105ff0000746b8008c8141000d024a00e0824a0049
:10600000064eb8008c8141000d024a00e0824a0031
:106010004f0678000c5eb8008c8141000d024a00ea
:10602000e0824a000656b8000c0242008d824a0007
:106030000003eb000630ad00074eb8000c02420032
:106040008d824a0060034b004f0678000c5eb8005a
:106050000c0242008d824a0060034b000756b800d4
:106060008c8242000d034b008003eb000738ad002b
:106070004f0678000c5eb8008c8242000d034b0086
:10608000e0834b004f0678000c5eb8000c03430021
:106090008d834b004f0478004f0578000748a3001c
:1060a0000a003a00000040008180480002014900d7
:1060b0008381490004024a0085824a0006034b009e
:1060c00087834b000804e900f4ff370003067800db
:1060d00080807000828070000100320061067600ce
:1060e00087017800060178008500780004007800b8
:1060f00088047800780037008d0037008c06460051
:1061000002003a000000a6000000060060004800ff
:10611000e080480060014900e08149000350a6008a
:10612000000006008301d1000804e800000006001a
:106130000002fd008102fd000203fd008303fd005b
:106140008804fd008a05fd00000006007048e1009b
:106150001a0039007d0320000d48e1000a003900d3
:1061600081057000830671008c8575008d85750032
:106170000006eb001cd8e700610676006000b8005e
:106180006011b800000006007048e1000b00390003
:106190008c05780000067800010078008200780005
:1061a000030178008001eb0013d8e7006106760058
:1061b000f0845400f4ff3a00000006006160e10042
:1061c0000c48ad00f08514008b06dd000966de008a
:1061d0000d0676008b0edd000900de000d0070005c
:1061e0008b16dd008908de008d8070008b1edd00bf
:1061f0000911de000d0171008919de0000000600a2
:106200000d002800fc7f20000d856100441cde008d
:10621000ef8161000c046400010032000340a00023
:106220008d856300c43cde00ef8363008c846400d2
:10623000010032000740a0000c40e10006003a00d7
:10624000ef86610082867600818676008086760001
:1062500001003200180037000c48e10007003a0046
:10626000ef866300868676008586760084867600d3
:1062700002003200aeff07000f0037000348a30002
:1062800005003a00810670008286760083867600db
:10629000010032000804e8000748a30005003a00a6
:1062a00085067200868676008786760001003200b9
:1062b0008904e80000000600cf047800cf057800cc
:1062c0001b0037000002780081027800020378008a
:1062d00083037800880478000cf0a70087ff07008c
:1062e000fd7f20000d40e100040035000d04780022
:1062f0006000b8006011b8000d0037000800e00031
:106300000b003c000400780085007800060178004e
:1063100087017800e18414008cff07000cf0a700cf
:1063200076ff07000004eb000340a7000804e80024
:106330004444dd006fc56100880175004f04be0054
:106340004f05be004f06be0000000600889fbe003d
:106350008a9fbe0030044200b0844a0030054b00e2
:1063600090854b006000b1000898be000a90be0006
:106370000440e10005c8e10006d0e10007d8e100d3
:1063800002003100680040001008e8004f05be0020
:106390004f04be0000000600889fbe008a9fbe001a
:1063a000100478009004900020059000b005900043
:1063b0000418540005985c0006185d0007985d00fd
:1063c000110020000440e10005c8e10006d0e10012
:1063d00007d8e100010039008000eb0010881000b0
:1063e0004f05be004f04be00000006001200fa0078
:1063f000889fbe008a9fbe008c9fbe00e0b79f00b2
:10640000f1b79f0082bf9f0093bf9f000605be00ab
:106410000404be000000eb00d0b79f00c0b79f008f
:10642000b0b79f00a0b79f0090b79f00000678000c
:106430005fb19700cfb09700820141003fb0970055
:106440000200e00004003d00370007007e80570096
:10645000beff070003003700330007007e805700af
:10646000cdff0700dfb697000d00e0000c003500ff
:106470006fb29700ffb297000fbb97009fbb9700ca
:1064800010002000010020006011b800000272001e
:106490008182720002037300838373001b00070074
:1064a0000c06e80001042000810f5600e0ff3a00ce
:1064b0000d00e00004003d000802be000a03be001b
:1064c0007e805700a1ff07005fa897000000e00052
:1064d00005003a001fb29700afb297003fb3970094
:1064e000cfb39700090007006fb09700ffb0970087
:1064f0000fb997009fb997004f06be004f05be0029
:106500004f04be000080fa000000060001000700f2
:1065100000000600a4b79f00b5b79f00c6b79f0054
:10652000d7b79f00000006004f09de00828171008e
:10653000b3b79f004f01de00818040008280700071
:10654000a1b79f008fb097004f09de000000400008
:106550000200700090b79f007fa897004f01de00f7
:10656000818040008280700081b79f000d0007008d
:106570004f3ade000000400004007000f0af9f00c2
:10658000080007000402420085824a0006034b000f
:1065900087834b00dfff07000802be000a03be002e
:1065a000000006002fb29700bfb297004fb39700cc
:1065b000dfb3970000000600881f78001800200055
:1065c000881f780089ff07008f87e9004f04780053
:1065d00000000600801feb0084ff07008f87e900a2
:1065e00000000600889fbe008a9fbe00e00f50009a
:1065f000e08f5800e00f5900e08f59000c003d007b
:106600006044b8006055b8000000540081805c0010
:1066100002015d0083815d00180020001500070065
:1066200008003d00180007000004eb0005003700db
:106630000004eb000f00070002003d0012000700fd
:1066400018002000dcff07000800e0000600320010
:106650006022b8006033b8000000520081805a0008
:1066600002015b0083815b004f05be004f04be004a
:1066700000000600e00f5200e08f5a00e00f5b00c0
:10668000e08f5b00000006006044b8006055b80071
:106690000402540085825c0006035d0087835d0070
:1066a00000000600889fbe008a9fbe008c1f7800f5
:1066b000e00f5000e08f5800e00f5900e08f5900c4
:1066c0000d003d006044b8006055b8000000540063
:1066d00081805c0002015d0083815d001c00200060
:1066e0000820e10009a8e1000ab0e1000bb8e100d0
:1066f0000d003d00080037000006eb00e00f5200df
:10670000e08f5a00e00f5b00e08f5b0006003d0069
:106710006044b8006055b8000402540085825c00f3
:1067200006035d0087835d00aaff07000c00e00000
:10673000060032006022b8006033b800000052004a
:1067400081805a0002015b0083815b004f06780064
:106750004f05be004f04be0000000600889fbe002b
:106760008a9fbe008c1f78000006eb00e00f5000ef
:10677000e08f5800e00f5900e08f590007003d00fe
:106780006044b8006055b8000000540081805c008f
:1067900002015d0083815d001c002000e00f5200bb
:1067a000e08f5a00e00f5b00e08f5b0007003d00c8
:1067b0006044b8006055b8000402540085825c0053
:1067c00006035d0087835d000c00a20087000700c0
:1067d0000c00e000060032006022b8006033b80010
:1067e0000000520081805a0002015b0083815b003f
:1067f0004f0678004f05be004f04be0000000600a3
:10680000889fbe008a9fbe008c9fbe000404be000d
:106810000605be00809fbe00829fbe0021000700cb
:10682000040678000800be000a01be001d00070033
:10683000840678004f03be004f02be008d4f7600e5
:106840007fb0970013003300f0ff2f008b8f6b0099
:1068500006003b000d0666000c00a7000a0037008a
:1068600007f0a600100020000a003700880f520031
:10687000898f5a008a0f5b008b8f5b000300390001
:106880001000200001003e000000200007f0a700db
:106890000000ea004f06be004f05be004f04be00d8
:1068a0000000060005ff2700058261000700320096
:1068b0000428e10001003200240005000600070062
:1068c00001003a004400050004080500020007002a
:1068d000f9ff3a00140005006f8261008102700028
:1068e0008502710085027200000006005002be00a1
:1068f000e40050005003be004439de00f700b2004f
:10690000f37f200003016100090032000218e1005a
:1069100016003a00850172008301730083817300c1
:106920000008200015003a00400020001300370046
:1069300085017200830173008381730005003a00b2
:1069400004a8be0006a8be00100020000b003700ff
:106950000201e9000402420085824a0006034b005e
:1069600087834b000748a300f9ff32000740a000cf
:1069700004a8be0006a8be002000200080009800e9
:106980009200980000000600680447000294be00d0
:106990000094be00fc0447008694be008494be00b0
:1069a00009007800d1ff070008007800cfff07003a
:1069b00099007800814f70000b003b000800be007a
:1069c0002c0007004f00b10003003700f3ff270041
:1069d000f2ff2f006110b9004f06be004f05be0048
:1069e0004f04be000080fa0000000600889fbe0031
:1069f0008a9fbe008c9fbe000404b8000506b80044
:106a00008904460060854e000606b8000a05460067
:106a1000e0854e000706b8008b054600040eb8005e
:106a2000890446000a854e00e0854d00050eb80039
:106a30000a0546008b854e00060eb8008b05460001
:106a40000416b8000a0546008b854e000516b800ee
:106a50008b054600041eb8008b0546000800be00ea
:106a60000a01be004f06be004f05be004f04be0027
:106a700000000600e48240001078a3000700320006
:106a8000640240001178a3003400be001401be006f
:106a9000050032000330a700000006003500780032
:106aa000b50078001501be000330a000000006000c
:106ab0001800fa00889fbe008a9fbe008c1f7800d5
:106ac0000004be000205be000802be000a03be00ac
:106ad000443ade00f07f20000006620020432000e0
:106ae000800f560067003c006022b8006033b80099
:106af0000800be004ffb07000000e000610032000c
:106b00000802be000a03be00b4b79f00c5b79f00cd
:106b1000d6b79f00e7b79f00e00f5200e08f5a0002
:106b2000e00f5b00e08f5b000b003d006022b800cf
:106b300006002000073324000800be000a01be0042
:106b4000e1fb07006022b8000600200007332400a4
:106b5000e3fb07000a0037006022b80006002000af
:106b6000073324000800be000a01be00dcfb07005a
:106b70006022b8000600200007332400d2fb070083
:106b80000802be000a03be00cffb07000002be00e1
:106b90000203be00f4b79f0085bf9f0096bf9f0011
:106ba000a7bf9f00e03f2000800f560017003c0069
:106bb0007fb097008fb897001fb99700afb99700c3
:106bc000f0af9f0081b79f0092b79f00a3b79f00cf
:106bd0006044b8006055b8003fb29700cfb297004c
:106be0005fb39700efb39700e00f5200e08f5a00b9
:106bf000e00f5b00e08f5b0022003d006044b800c6
:106c00000a0020000bff2b001e0037006022b80096
:106c10006033b8007fb097008fb897001fb9970016
:106c2000afb9970008fb07000000e0000c0034003b
:106c30007fb297008fba97001fbb9700afbb97003a
:106c40000800be000a01be00a5fb07006022b800d4
:106c50000600200007ff23009bfb0700070037000a
:106c60007fb297008fba97001fbb9700afbb97000a
:106c70000800be000a01be0099fb07000004be0028
:106c80000205be000800be000a01be004f067800e3
:106c90004f05be004f04be000080fa000000060051
:020000040000fa
:106ca0002450000043520000454600002c00000024
:106cb000244d000044490000535400002c250000de
:106cc0002e320000662a00000a000000244d000059
:106cd000414e0000474c0000452c0000252e0000ce
:106ce000326600002c2500002e320000662c0000c9
:106cf000252e0000326600002a0a00000024000051
:106d00004d42000041540000542c0000252e00008c
:106d1000326600002a0a0000002400004d420000f4
:106d2000554600002c250000642c0000256400005e
:106d30000a2a000000000000244500005252000012
:106d40002c3100002a0000002445000052520000af
:086d50002c3200002a000000b3
:020000040000fa
:106d58000c00fa00881f7800200798003107980077
:106d680042079800530798004e019000de019000fa
:106d78002e009000be009000aae60700008fbe001b
:106d88000600370002002000433b24001e00780064
:106d98009e009000a3e60700008fbe0018c0b30055
:106da80002002000433324001e0078009e0090005b
:106db80085e607000000e00001003c000044eb000d
:106dc8000804e000efff3a00060037000200200048
:106dd800433b24001e0078009e0090009ae60700be
:106de800008fbe0018c0b3000200200043332c00ff
:106df8001e0078009e00900071e607000000e00089
:106e0800010035000044eb000804e000efff3a0001
:106e18001e0078009e0090004f0478000080fa0061
:106e2800000006000000fa006e2eef00707380006c
:106e38007072880070728000f0718800f0718000b4
:106e48007071880070718000f0708800f0708000a8
:106e5800707088001eaea8001f6ea800000ea90062
:106e6800110ea900502ea900500ea900602ea900ed
:106e780000eea900040ea800150ea900542ea900c2
:106e8800540ea900642ea90004eea900410ea80022
:106e9800412ea800c228a800c248a80001358000d9
:106ea800f00f28008080600000802500010070003d
:106eb800003588001135800000f82f0080806000c0
:106ec8009005200001007000103588000288a90094
:106ed80003a8a9002288a80023a8a800302ea9008a
:106ee800304ea900306ea900308ea9001134800000
:106ef80000fc2f00008060000040a00010348800d3
:106f080001348000f00f2c00808060000010210008
:106f180001007000003488002134800000fc2f003c
:106f2800008060002001b300203488001134800004
:106f3800f00f2c00808060000030210001007000fc
:106f4800103488000080fa00000006000000fa00f3
:106f580021002000100020006b070700f40507003f
:106f6800ae0307002104070057050700f8070700cc
:106f78000080fa00000006000400fa0010079800dc
:106f88000000eb00000f78002f0037001e0078008b
:106f9800ea00b9009e0090000080400020009000a8
:106fa8000000e00007003a001e007800ea00b9007f
:106fb8009e009000008040008000eb0001087800ef
:106fc800200037001e007800ea00b9009e009000fb
:106fd80000804000900078008100e80001087800f7
:106fe800900078001e007800ea00b9001e019000a9
:106ff8000000410010009000808f500011003a00fe
:107008001e007800ea00b9009e0090000080400051
:10701800b00090001e007800ea00b9001e01900040
:107028000000410040009000010001001e007800af
:10703800ea00b9009e009000008040008000eb004c
:10704800010878001e0fe8001e007800e80f5000c5
:10705800ceff34000080fa00000006000e00fa009f
:1070680040079800510798006207980072002000b6
:1070780001652b004e009000eeed07000000e000d7
:10708800020032000000eb00230037004e009000a1
:10709800670f400066004700a200200080007800cb
:1070a8001e0078002dee0700100798003e009000a3
:1070b80090407800c0c2b30080cf50000200320078
:1070c8000000eb00140037003e0090000000e800cc
:1070d800e6004700a200200020ee070020079800e5
:1070e8003e00900090407800a0c2b30080cf5000ce
:1070f800020032000000eb00070037005e0090003d
:107108009e009000010878006e009000ae0090008c
:1071180001087800100020000080fa000000060036
:107128000400fa00100798009e009000010f7800f4
:10713800207080006100600000f0a7000000ea00f5
:107148000000e9004f00de00004078000080fb00ee
:1071580061006000217080000100a1000100700042
:10716800207088001e00780000209000e10f500079
:1071780024003200e10f500003003900e20f5000f4
:107188002400320034003700a17080000010200075
:107198000080600000f0a7000000ea000000e9009d
:1071a8004f00de00004078000080fb0061006000b6
:1071b8004800dd00a17080000180a100010070007e
:1071c800a0708800a07280006200600000f0a70034
:1071d8000000ea000000e9004f00de0000407800ef
:1071e8000080fb006100600000004000a172800088
:1071f8000110a10001007000a0728800642ea9008f
:1072080019003700150ea900542ea900642ea800f5
:1072180015003700150ea900a072800062006000fa
:1072280000f0a7000000ea000000e9004f00de00bf
:10723800004078000080fb00610060000000400012
:10724800a17280000110a10001007000a0728800e6
:10725800642ea80004003700150ea900542ea900ba
:10726800642ea900000000000080fa00000006005b
:107278002400fa00101798009e109000010f780063
:107288001e007800b0009000200090000e81e800f9
:10729800809fbe0080652b00801f78000200780068
:1072a8005ced0700e68757000e80e8003705070009
:1072b8001e00780060129000f01290001e00780006
:1072c80040099000d00990001e007800b008900096
:1072d800200890000e83e800849fbe00829fbe00b5
:1072e800809fbe0060662b00801f78000600780033
:1072f80048ed0700ee8757000e80e80023050700d9
:107308001e007800602090008000e8001e007800d1
:10731800612098001e007800e0209000a000200066
:1073280000017800110009008200d8008000fd00eb
:107338000000e0000f003a001e0078009000900066
:10734800100078000e81e800809fbe00f0672b00d7
:10735800801f7800020078002eed0700e6875700ae
:107368000e80e800090507001e0078008000eb0089
:10737800612098000080fa00000006001000fa0062
:10738800889fbe0070079800fe009000010f7800eb
:10739800e00020000a07070010079800210798005e
:1073a80032332300330524001e009000ae00900005
:1073b800e9e60700020020000348240007e607006a
:1073c800300798004107980042e12a007309240019
:1073d8003e009000ce009000dfe607000001be00ee
:1073e800f0282c00510124000ee507000004be001f
:1073f80052b82e00130824003e009000ce009000e2
:10740800d5e607003e019000ce019000d2e60700c5
:107418000001be000800be000be507000004be0026
:10742800d2cc2c00c3fc23003e009000ce0090007c
:10743800c9e607003e019000ce019000c6e60700ad
:107448003e019000ce019000c3e607000001be0097
:107458000800be00f3e407000004be00f2282c0078
:1074680053e723003e009000ce009000bae60700e4
:107478003e019000ce019000b7e607003e01900063
:10748800ce019000b4e607003e019000ce019000c6
:10749800b1e607000001be000800be00eae40700ec
:1074a80050079800610798001e0078005e01900060
:1074b800ee019000220098003300980018c0b30035
:1074c80002002000031f24005e009000ee009000e0
:1074d800bbe407000000e000010034000044eb00ba
:1074e8000804e000130032001e007800002090001d
:1074f800e10f500004003a001e007800210020002f
:10750800012098000b0037001e0078000020900032
:10751800e20f500007003a001e007800102090008b
:10752800e20f500003003a001e0078008000eb00d4
:10753800012098004f04be000080fa0000000600f9
:107548001000fa0070079800fe009000010f780004
:10755800b00020009a06070010079800210798003d
:1075680032332300330524001e009000ae00900043
:1075780079e60700020020000348240097e5070089
:1075880030079800410798000200200003042400f7
:107598003e009000ce0090006fe60700500798006c
:1075a800610798001e0078005e019000ee019000cf
:1075b8000288be000080fa00000006000400fa00fd
:1075c800881f7800100798009e009000010f78002f
:1075d8001e00780000209000e10f500010003200db
:1075e800e10f500003003900e20f50001000320094
:1075f8009c003700d80307001e0078008000eb00cd
:10760800112098001e0078008000eb0031209800bf
:107618001e0078008000eb002120980091003700c0
:107628008000eb0040062000d20307008d003700e1
:107638001e007800102090000000e0000c003a00c6
:107648001e007800f0109000601090001e01780075
:1076580040219800512198001e0078001100200058
:1076680011209800e1fc2f000000eb00c103070087
:107678001e00780010209000e10f50001c003a0016
:107688001e007800d0209000402090001e01780055
:1076980062129000f21290000001be000400be00c9
:1076a800abfd070001f0a10018c0b30002002000e4
:1076b800432b240044e407000000e00001003d00e3
:1076c8000044eb000804e000090032001e007800c6
:1076d80021002000112098001e0078008000eb0097
:1076e800212098008000eb00a0002000a1030700e3
:1076f8001e00780010209000e20f500016003a009b
:107708001e007800202090008000e8001e0078000d
:10771800212098001e007800a0209000703e2000d4
:10772800808f50000c0034001e00780031002000cb
:10773800112098001e007800f01090006010900052
:107748001e01780040219800512198002103200053
:107758000000eb00870307001e007800102090004f
:10776800e30f50003a003a001e007800d020900045
:10777800402090001e01780062129000f2129000e2
:107788000001be000400be0071fd070001f0a10069
:1077980018c0b30002002000432b24000ae40700ad
:1077a8000000e00001003d000044eb000804e00098
:1077b80029003200680307001e0078008000eb00f3
:1077c800112098001e007800b00090002000900062
:1077d80018c0b30002002000031f2400f8e30700cc
:1077e8000000e000010034000044eb000804e00061
:1077f800100032001e007800302090008000e80061
:107808001e007800312098001e007800302090007b
:10781800e20f5000120034001e0078008000eb00d8
:10782800312098001e0078008000eb0001209800ad
:107838000c0037001e0078008000eb003120980013
:107848001e00780011002000012098000500370074
:1078580000000000030037000000000001003700ae
:10786800000000004f0478000080fa0000000600c5
:107878002800fa0030179800be109000010f780019
:107888000e80e80001022000450407000000e00027
:10789800230032000000eb00101798000000eb00f6
:1078a80020179800420220000e014100210220000a
:1078b8008e8040000e80e800e8fd07000000e00030
:1078c800180032009e109000c0f92f00808f5000e1
:1078d800140035009e10900040062000808f500054
:1078e80010003c00ae109000c0f92f00808f5000af
:1078f8000c003500ae10900040062000808f50002c
:1079080008003c009e1090001e00780001189800a6
:10791800ae1090001e007800111898000100370082
:10792800000000000080fa00000006002400fa00b1
:10793800101798009e109000010f78001e00780024
:1079480030189000e10f500013003a001e00780034
:10795800601990001e007800f01890000e80e80072
:10796800821f7800811f7800d1682b00811f780062
:1079780099eb0700e68757000e80e80083030700ad
:107988001e0078008000eb00311898001e00780077
:1079980011002000511898001e007800201890004f
:1079a800e10f500011003a001e00780000209000fe
:1079b8000000e00004003a001e00780011002000da
:1079c80001209800030037001e0078008000eb00bb
:1079d800012098001e0078008000eb002118980014
:1079e8001e00780011002000411898001e00780041
:1079f800401890000000e0000e0034001e007800df
:107a0800401890008000e8001e0078004118980097
:107a18001e00780040189000e20f50000500340066
:107a28001e0078008000eb00411898000288a90029
:107a38002288a8001e007800501890000000e0007e
:107a48000e0034001e007800501890008000e800f6
:107a58001e007800511898001e00780050189000f9
:107a6800e20f5000050034001e0078008000eb0093
:107a78005118980003a8a90023a8a8000080fa00bc
:107a8800000006002c00fa00889fbe008a9fbe00f6
:107a9800100f98009e089000010f78001e047800cf
:107aa800740047006601070068014400f4004700bd
:107ab8000b000900311978001e0478007400470093
:107ac800d4010700740047000102200088804000ac
:107ad800b0187800a0107800e480400064004000ee
:107ae800b0187800a0107800e480400064004000de
:107af800b0187800a0107800e480400064004000ce
:107b08001e007800b00890002008900052a32f00b3
:107b1800e3c8230010e50700100798002107980024
:107b28001e007800d00890004008900052a32f0053
:107b3800e3c8230008e507003007980041079800cc
:107b48001e00780000149000901490003e009000f1
:107b5800ce009000bee807000001be000800be008d
:107b6800fde407000004be001e0078002015900008
:107b7800b01590001e009000ae00900032e907009a
:107b88000001be000a00be00f3e407000005be00c5
:107b98003e009000ce0090002be907000001be00d7
:107ba8000a00be00ece407000001be000800be00a9
:107bb80025e307000004be001e0078004015900071
:107bc800d01590001e009000ae009000a0e80700bd
:107bd8000001be000a00be00dfe407000005be0089
:107be8003e009000ce00900017e907000001be009b
:107bf8000a00be00d8e407000001be000800be006d
:107c080011e3070050079800610798001e007800ec
:107c180020149000b01490001e009000ae00900058
:107c28008be807000001be000800be00cae4070098
:107c38000004be001e00780040159000d01590008a
:107c48001e009000ae009000ffe807000001be0093
:107c58000a00be00c0e407000001be000800be0024
:107c6800f0e2070070079800010f98007e0090006e
:107c78008e08900001f0a2005e019000ee019000d5
:107c8800dbe6070002ee220053262400b2e40700d8
:107c98001e01780060119800711198004f05be0010
:107ca8004f04be000080fa00000006000000fa0041
:107cb8000000eb000089880010002000108988006f
:107cc8001000200020898800209c2300308988002b
:107cd800a0172100408988000000eb005089880027
:107ce800100020006089880010002000708988003a
:107cf80020ae230080898800a01721009089880081
:107d08000000eb00a089880020032000b0898800cb
:107d180010002000c0898800c0c32300d0898800d3
:107d2800a0172100e0898800a0002000f0898800c1
:107d380020032000008a880010002000108a880094
:107d480060d42300208a8800a0172100308a880088
:107d580040012000408a880020032000508a8800c3
:107d680010002000608a8800a0c92300708a88005b
:107d7800a0172100808a8800e0012000908a8800ee
:107d880020032000a08a880010002000b08a880004
:107d9800c0932300c08a8800a0172100d08a8800d9
:107da8000000eb00e08a8800a00f2000f08a88001d
:107db80010002000008b880040892300108b880069
:107dc800a0172100208b88000000eb00308b880072
:107dd800401f2000408b880010002000508b880036
:107de80040aa2300608b8800a0172100708b8800b0
:107df8000080fa00000006000000fa0009fc0700f5
:107e080052fc0700a9ff0700001221005afc0700d6
:107e180010002000f3030700fbff37000000fa0002
:107e280041e2a900002ea800518ea90051aea90078
:107e38004136800000f82f00008060001001b30078
:107e480040368800c134800000fc2f0000806000ac
:107e58005000b300c0348800b1348000f00f2c000b
:107e6800808060000060200001007000b03488004d
:107e780042a2a8004342a90042c2a80010128000f2
:107e88003000b300101288001112800030fe2f005d
:107e980000806000c000b3001012880040c2a90032
:107ea80041e2a80030cea900108ea900106ea900ea
:107eb80034cea800148ea800146ea8000080fa0022
:107ec800000006000200fa00000f78000000000021
:107ed80000128000620060000000e000fcff3a0031
:107ee8009e00780041128800000000000012800007
:107ef800610060000000e000fcff320040128000da
:107f08000080fa00000006000200fa00000f780066
:107f1800146ea90000012000eaff07001e00780087
:107f2800eb0f50001b003200eb0f500007003c0025
:107f3800e90f500011003200e90f500012003c0018
:107f4800e80f50000a00320021003700ed0f500002
:107f580016003200ed0f500011003500ee0f5000f2
:107f680015003200ef0f50001600320018003700dd
:107f780080002000d3ff0700190037009000200080
:107f8800d0ff070016003700a0002000cdff070033
:107f980013003700b0002000caff070010003700a8
:107fa800c0002000c7ff07000d003700d0002000e8
:107fb800c4ff07000a003700e0002000c1ff0700e7
:107fc80007003700f0002000beff0700040037005c
:107fd800146ea800c0692b00ec01070001003700ef
:107fe800146ea8000080fa00000006000000fa00e5
:107ff800146ea800148ea80034cea80034cea900b0
:10800800b0042000afff070010002000adff0700fc
:1080180034cea8003100200030002000ac03070057
:1080280034cea900c0042000a6ff07000000eb0022
:10803800a4ff070034cea8000080fa000000060064
:108048002200fa00889fbe008a1f78000005780089
:10805800146ea900200820009aff07000000eb001a
:1080680098ff0700000f78000000eb0095ff07005d
:10807800100798001e0090004800dd001e007000e8
:108088004480de00200798000000eb008dff070009
:10809800000f78000000eb008aff07001007980027
:1080a8001e0090004800dd001e0070004480de00c5
:1080b800300798000000eb0082ff0700000f7800ef
:1080c8000000eb007fff0700100798001e009000db
:1080d8004800dd001e0070004480de004007980064
:1080e800146ea8002e009000cf80de00b8e10700d3
:1080f8008235270003a8230097e30700500798005c
:10810800610798003e009000cf80de00b0e10700d4
:108118008235270003a823008fe307007007980023
:10812800010f98004e009000cf80de00a8e1070004
:108138008235270003a8230087e30700100f980063
:10814800210f98001e089000ae0890007e02900053
:108158008e0a90000001be000400be00a4e50700de
:1081680002ee2200532624007be30700300f98001c
:10817800410f98007e0290008e0a90007e009000c9
:108188008e0890000001be000400be0072e30700e4
:108198000004be001e0a9000ae0a90001e0890005f
:1081a800ae0890000001be000400be006ae30700ac
:1081b8000001be000800be00a3e1070039e807007f
:1081c8005e019000ee0190000202be0005f0a200e0
:1081d8000001be000400be0085e5070002ee220093
:1081e800532624005ce30700500f9800610f9800a5
:1081f800ea0047000b000900311d78008a01b10030
:108208000a0078004f0578004f04be000080fa008d
:10821800000006001600fa00881f780000047800a5
:1082280034cea900200c200026ff07000000eb0038
:1082380024ff0700810f2000010f60000000eb0001
:1082480020ff0700100798001e0090004800dd007e
:108258001e0070004380de00200798000000eb003d
:1082680018ff0700810f2000010f60000000eb00dd
:1082780014ff0700100798001e0090004800dd005a
:108288001e0070004380de00300798000000eb00fd
:108298000cff0700e10f2000010f60000000eb0059
:1082a80008ff0700100798001e0090004800dd0036
:1082b8001e0070000080d1004007980034cea8004e
:1082c8002e009000cf80de0041e1070050079800a3
:1082d800610798003e009000cf80de003ce1070077
:1082e80070079800010f98004e009000cf80de00c4
:1082f80037e10700100f9800210f98006a00470027
:1083080088007800b0187800a0107800e480400059
:1083180064004000b0187800a0107800e4804000a5
:1083280064004000b0187800a0107800e480400095
:1083380064004000080078004f0478000080fa00cc
:10834800000006000200fa00000f78001e00780006
:10835800e20f50001e003200e20f500003003c0004
:10836800e10f50000600320055003700e30f5000bf
:108378002b003200e40f50003d003200500037005f
:108388000148800080ff2f000080600000488800be
:108398000148800000c021000100700000488800ea
:1083a80010488000f001b30010488800f0c1210097
:1083b800204888000629ef000148800080ff2f0030
:1083c800008060006000b300004888003c0037006f
:1083d8005148800080ff2f000080600050488800ce
:1083e8005148800000c021000100700050488800fa
:1083f80060488000f001b30060488800f0c12100a7
:10840800704888001029ef005148800080ff2f0035
:10841800008060006000b3005048880028003700e2
:10842800a148800080ff2f0000806000a0488800dd
:10843800a148800000c0210001007000a048880009
:10844800b0488000f001b300b0488800f0c12100b6
:10845800c04888001a29ef00a148800080ff2f003b
:10846800008060006000b300a04888001400370056
:10847800f148800080ff2f0000806000f0488800ed
:10848800f148800000c0210001007000f048880019
:1084980000498000f001b30000498800f0c12100c4
:1084a800104988002429ef00f148800080ff2f0040
:1084b800008060006000b300f04888000000000001
:1084c8000080fa00000006000000fa0010002000fa
:1084d8009cff0700200020009aff070030002000c2
:1084e80098ff07004000200096ff07000080fa0070
:1084f800000006000200fa00000f78001e00780055
:10850800e20f50000c003200e20f500003003c0064
:10851800e10f5000060032000d003700e30f500055
:1085280007003200e40f500007003200080037004f
:108538000629ef00060037001029ef000400370075
:108548001a29ef00020037002429ef00000000007c
:108558000080fa00000006000000fa000629ef007b
:108568001029ef001a29ef002429ef000080fa00f3
:10857800000006000c00fa00400798005107980018
:10858800ce0090005e009000008f5000ce0090005a
:108598005e00900000804000100798004006200010
:1085a8009e007800808f50000200340040062000b2
:1085b800000f7800c0f92f009e007800808f5000cf
:1085c80002003d00c0f92f00000f78009e009000c7
:1085d80040062000808f5000020034004006200032
:1085e800100798009e009000c0f92f00808f50005f
:1085f80002003d00c0f92f00100798001e00780007
:1086080026000700200798001e009000230007009e
:10861800300798001e0078000000e00004003400d5
:10862800ae009000314888001029ef00090037009b
:108638001e0078000000e00004003d000629ef005d
:10864800ae00900081488800020037000629ef003c
:108658001029ef001e0090000000e0000400340024
:10866800be009000d14888002429ef000900370097
:108678001e0090000000e00004003d001a29ef00f1
:10868800be00900021498800020037001a29ef0037
:108698002429ef000080fa00000006000600fa0016
:1086a800200798002e0090000000e00002003a0029
:1086b8000000eb001c0037002e00900000f0a7001f
:1086c8000000ea00000f78009e007800c003200038
:1086d8008088b900c200de00b04721000008b80059
:1086e8000100d1008002b000100798001e00900021
:1086f8008000eb0002c221008289b900e002b900c3
:10870800840178000301410003c221000300b8007e
:108718000101410082007800420620000300200089
:1087280030e00700000078000080fa000000060032
:108738000000fa00316ea800300ea9002136800032
:1087480000f82f0080806000b00420000100700055
:10875800203688000134800000fc2f000080600073
:108768000000a000003488002062a800b0092000a2
:108778004011880021e2a8002342a8000168a9004e
:108788002168a8000080fa00000006000400fa0032
:1087980010079800080037001e009000104078006d
:1087a8008040780080002100130007001e00900020
:1087b8000000e800100798001e00900010407800a4
:1087c8000004e000f4ff3a008e00780080002100e9
:1087d800290007000000e000050032002188a900f8
:1087e8001e4078000000fb00201188002188a800a6
:1087f8000080fa00000006000600fa001007980042
:10880800414798001e009000100090008000e8008a
:108818001e0090003000900000017800110009004f
:108828008200d8008000fd00000f78001e00900034
:10883800200090009e0f500002003a000000eb005c
:108848000b0037001e009000900078001e0090007a
:108858001000900000804000ce4090000148780051
:108868001e0090001e0178001200980010002000e1
:108878000080fa00000006000400fa00000f7800eb
:10888800110798001e007800a00090001e007800d4
:1088980010009000808f500002003a000000eb00aa
:1088a800150037001e007800900078001e00780040
:1088b8002000900000804000904078001e0090004a
:1088c800014878001e007800200090008000e80031
:1088d8001e007800300090000001780011000900a7
:1088e8008200d8008000fd00800078001e0078001b
:1088f80021009800100020000080fa000000060007
:108908000200fa00000f78009e00780000002100a5
:10891800d9ff07000080fa00000006000400fa00f2
:10892800000f7800110798001e007800e20f500031
:1089380010003200e20f500005003c000000e0008b
:1089480008003200e10f5000080032000f00370025
:10895800e50f500009003200ea0f5000090032000c
:108968000a0037000000eb000b003700400620002b
:1089780009003700200320000700370040012000cd
:1089880005003700a000200003003700406a2b00d4
:108998007eff07001e0090000080fa00000006001d
:1089a8000800fa00200798003107980033003700c4
:1089b800ae40900040c2b30080cf500003003a00a0
:1089c8001030ef0010002000908088009080800018
:1089d8000000e00029003200808080002e419000d5
:1089e800a124210080804000824878000000e8002f
:1089f80080808800ae409000a0c2b30080cf5000b5
:108a080018003a0080808000a124210000804000e6
:108a18008040eb00014878000000eb00000f780070
:108a2800080037001e007800ae009000008040006b
:108a3800a12421009e8040009140780001487800e0
:108a48001e0fe800808080009e007800808f500014
:108a5800f4ff34001030ef001230ef001000200057
:108a68000b003700818080003e009000808f50000e
:108a7800020035001030ef001230ef000e80e800e1
:108a88009fff07000000e000c9ff3a000000eb006c
:088a98000080fa000000060056
:020000040000fa
:108aa000ca110000a00000008000000000100000bb
:108ab0001000000082000000ca1100000000000049
:108ac00040000a001200000000004000000000000a
:108ad00010100000040000008000000020110000c1
:108ae000aa00000080000000141000000200000036
:108af000800000006a1200002000000082000000d8
:108b00003863ed003eda0f00493f5e00987b3f007e
:108b1000da0fc9003f693700ac3168002122330009
:108b2000b40f140033682100a2330000b812000013
:108b30000200000080000000a812000010000000e9
:108b400082000000494e460000696e0066004e003b
:108b5000414e00006e616e00000000008a120000ad
:108b60001e00000082000000286e69006c290000d1
:108b700025006800076c09004c836a009074a0000f
:108b80007ac000008068880000846c008200810048
:108b9000161000000a01000082000000000102001f
:108ba0000407030006050000ffffff00ffffff00b2
:108bb000ffffff00ffffff00ffffff00ffffff00c1
:108bc000ffffff00ffffff00ffffff00ffffff00b1
:108bd000ffffff00ffffff00ffffff00ffffff00a1
:108be000ffffff00ffffff00ff0001000203040082
:108bf000050607000809ff00ffffff00ffffff0059
:108c00000a0b0c000d0e0f001011120013141500aa
:108c100016171800191a1b001c1d1e001f2021000a
:108c20002223ff00ffffff00ffff0a000b0c0d00d7
:108c30000e0f10001112130014151600171819004a
:108c40001a1b1c001d1e1f002021220023ffff00f5
:108c5000ffffff00ffffff00ffffff00ffffff0020
:108c6000ffffff00ffffff00ffffff00ffffff0010
:108c7000ffffff00ffffff00ffffff00ffffff0000
:108c8000ffffff00ffffff00ffffff00ffffff00f0
:108c9000ffffff00ffffff00ffffff00ffffff00e0
:108ca000ffffff00ffffff00ffffff00ffffff00d0
:108cb000ffffff00ffffff00ffffff00ffffff00c0
:108cc000ffffff00ffffff00ffffff00ffffff00b0
:108cd000ffffff00ffffff00ffffff00ffffff00a0
:108ce000ffffff00ffffff00ffffff00ffffff0090
:108cf000ffffff00ffffff00ffffff00ffff00007f
:108d0000ba12000002000000800000000000000015
:020000040000fa
:108d10000600fa0010079800210798002e00900026
:108d2000cf80de0080007800901120008088b9009c
:108d3000000f78001e009000e10f50000c003a0078
:108d400005e1a9000421a9002108800000032000fa
:108d500001007000200888000021ef000068a900d1
:108d60001e00e9001008880005e1a8001d0037007a
:108d70001e009000e20f50000c003a0011e1a90023
:108d80001021a9008108800000032000010070006c
:108d9000800888000621ef0000e8a9001e00e90015
:108da0006008880011e1a8000e0037001e00900046
:108db000e30f50000b003a0013e1a9001221a900b3
:108dc00091088000000320000100700090088800d6
:108dd0000a21ef000108a9001e00e90070088800c0
:108de00013e1a8000080fa00000006000200fa006b
:108df000000f78001e007800e10f50000e003a00ce
:108e000000408000680060000000e00003003200c5
:108e10000068a900100020002d00370000000000ad
:108e200000408000680060000000e000fcff3200ad
:108e30000068a900250037001e007800e20f5000ee
:108e400010003a000140800000082000008060000f
:108e50000000e0000300320000e8a900100020003c
:108e60001b003700000000000140800000082000c7
:108e7000008060000000e000fbff320000e8a90075
:108e8000120037001e007800e30f50000f003a0078
:108e90000140800000102000008060000000e00021
:108ea000030032000108a90010002000080037006c
:108eb00000000000014080000010200000806000e1
:108ec0000000e000fbff32000108a9000000eb00f9
:108ed0000080fa00000006000600fa001007980063
:108ee00021079800110020001e00900088ff070055
:108ef0000000eb00000f7800030037001e00900018
:108f0000baff07001e0fe8002e0090009e007800b8
:108f1000808f5000f9ff35001e009000e10f5000d7
:108f200002003a0005e1a900090037001e00900088
:108f3000e20f500002003a0011e1a90004003700de
:108f40001e009000e30f500001003a0013e1a90059
:108f50000080fa00000006000000fa001fcea80002
:108f60001f6ea80011cea800116ea800112ea90036
:108f7000152ea80021e3a9002143a90080c0b30059
:108f800024e3b7002043a90021198000f00f2e0030
:108f90000080600000c0a000201988000119800036
:108fa000000e2000010070000019880011198000d7
:108fb000f0cf2f00008060001019880021e3a80086
:108fc0000080fa00000006000200fa00000f78009e
:108fd0001e007800004078007f4060000080fb00a9
:108fe0007f0060004219800001fe2f0081006100b7
:108ff00001007000401988002003a9002023a80068
:109000000000000000198000610060000000e00026
:10901000fcff3200001880008000eb00f1dd07004b
:109020000080fa00000006000400fa00000f78003b
:109030001107980000198000610060000000e00046
:1090400002003a006000b8000d0037002003a900bc
:10905000001880008000eb00e2dd07001e017800b0
:109060000089be00101880008000eb00dddd0700e5
:109070001e0190000089be000000200001f82300be
:089080000080fa000000060068
:00000001FF
